{
    "H_proj": [
        [
            -0.7900805920379264,
            -0.22214009489457448,
            2641.6208712021357
        ],
        [
            -0.003028785543374671,
            -1.2200765959522593,
            2356.5424221339504
        ],
        [
            2.645462072806724e-06,
            -0.00021439183270740908,
            1.0
        ]
    ],
    "H_inv_proj": [
        [
            -1.2476154934004622,
            -0.6007269553905789,
            4711.365681099079
        ],
        [
            0.016166360824470077,
            -1.391104610292394,
            3235.4916316148383
        ],
        [
            6.76645519460437e-06,
            -0.00029665226651171396,
            1.6811992413909196
        ]
    ],
    "H_graph": [
        [
            -0.2560464244449883,
            -0.07184493256965246,
            855.4049119636551
        ],
        [
            -0.0009833390069391521,
            -0.3952502801346429,
            763.01837754341
        ],
        [
            2.645462072806724e-06,
            -0.00021439183270740908,
            1.0
        ]
    ],
    "H_inv_graph": [
        [
            -3.849784951064283,
            -1.8536717480623583,
            4707.510566848745
        ],
        [
            0.04988477054407912,
            -4.292551368902245,
            3232.6239032659496
        ],
        [
            2.087934745763635e-05,
            -0.0009153841366647176,
            1.68059462241303
        ]
    ]
}