{
    "H_proj": [
        [
            -1.5768150891654418,
            -0.728058547617205,
            3383.3366746393817
        ],
        [
            -0.022560779872894746,
            -2.4974253618366,
            2475.4154627848866
        ],
        [
            -4.761333763750627e-06,
            -0.00040984604258163744,
            1.0
        ]
    ],
    "H_inv_proj": [
        [
            -0.6387771731480523,
            -0.2836976858620982,
            2863.467875173603
        ],
        [
            0.004641290336018564,
            -0.6722992942482032,
            1648.5170207898677
        ],
        [
            -1.139216845333395e-06,
            -0.00027688998454844705,
            1.6892721033746776
        ]
    ],
    "H_graph": [
        [
            0.5318331342097773,
            -0.14598977930541682,
            -170.79660590586664
        ],
        [
            0.004064112309029566,
            -0.7975616222317494,
            778.2887868546841
        ],
        [
            1.498437133031603e-05,
            -0.0004062418598211955,
            1.0
        ]
    ],
    "H_inv_graph": [
        [
            1.8594556232756638,
            -0.8319260745985938,
            965.06744464018
        ],
        [
            -0.02934897353878531,
            -2.0641949827984725,
            1601.527103926503
        ],
        [
            -3.978555512564598e-05,
            -0.0008260965196244746,
            1.636146420303868
        ]
    ]
}