{
    "H_proj": [
        [
            -0.7882623836413162,
            -0.22149922958119228,
            2637.876292193753
        ],
        [
            -0.003763505665158238,
            -1.2184177081091727,
            2356.6374302375443
        ],
        [
            2.298591090965366e-06,
            -0.0002133838886009879,
            1.0
        ]
    ],
    "H_inv_proj": [
        [
            -1.2520256521928224,
            -0.5973283584595273,
            4710.375152825939
        ],
        [
            0.016063409678379905,
            -1.3898641597011399,
            3233.0326141349647
        ],
        [
            6.305567831153972e-06,
            -0.00029520160538103765,
            1.6790498448165456
        ]
    ],
    "H_graph": [
        [
            -0.2554569557832936,
            -0.07163792603216534,
            854.1913909887163
        ],
        [
            -0.001221208291020174,
            -0.3947133588884553,
            763.0491672066116
        ],
        [
            2.298591090965366e-06,
            -0.0002133838886009879,
            1.0
        ]
    ],
    "H_inv_graph": [
        [
            -3.8633934410521373,
            -1.843184648960826,
            4706.517928746577
        ],
        [
            0.049567092721857976,
            -4.288723692792088,
            3230.167258284916
        ],
        [
            1.945718073613225e-05,
            -0.0009109078108900587,
            1.6784472902239413
        ]
    ]
}