{
    "H_proj": [
        [
            -0.7895118612993818,
            -0.22198026017037692,
            2640.507643304626
        ],
        [
            -0.003024946064764564,
            -1.2207386288884248,
            2357.808192769002
        ],
        [
            2.785777605177369e-06,
            -0.0002141271239423324,
            1.0
        ]
    ],
    "H_inv_proj": [
        [
            -1.247707462351212,
            -0.5985639550146599,
            4705.880087976376
        ],
        [
            0.016720404021049063,
            -1.388884392183913,
            3230.5726440835033
        ],
        [
            7.056127530611738e-06,
            -0.0002957303543255895,
            1.678643693602642
        ]
    ],
    "H_graph": [
        [
            -0.2558622084004031,
            -0.07179331320292039,
            855.0441436635361
        ],
        [
            -0.0009821895743697933,
            -0.3954650067689544,
            763.4285809899542
        ],
        [
            2.785777605177369e-06,
            -0.0002141271239423324,
            1.0
        ]
    ],
    "H_inv_graph": [
        [
            -3.8500687409694554,
            -1.84699734690238,
            4702.029293305871
        ],
        [
            0.051594389550665705,
            -4.285700410167504,
            3227.7107020510502
        ],
        [
            2.1773193523030517e-05,
            -0.0009125393790618193,
            1.6780416016438986
        ]
    ]
}