{
    "H_proj": [
        [
            0.3995313381141609,
            -0.1216483477243118,
            -239.77724178063835
        ],
        [
            0.0055584959778075,
            0.37987931722016194,
            -84.61069439313604
        ],
        [
            9.014712916938987e-07,
            -0.00021677420637981884,
            1.0
        ]
    ],
    "H_inv_proj": [
        [
            2.4847588214507805,
            1.1932868127373633,
            696.7534425334582
        ],
        [
            -0.03872635384873289,
            2.7473636931546395,
            223.1706515182346
        ],
        [
            -1.063481336586416e-05,
            0.0005944818704158854,
            1.0477495376442996
        ]
    ],
    "H_graph": [
        [
            0.25895549692584513,
            -0.07884615130279468,
            -155.4111752281916
        ],
        [
            0.0036027288745048604,
            0.2462180759760309,
            -54.84026488444002
        ],
        [
            9.014712916938987e-07,
            -0.00021677420637981884,
            1.0
        ]
    ],
    "H_inv_graph": [
        [
            3.8336278959526315,
            1.8410710825090746,
            696.7534425334583
        ],
        [
            -0.059749231652330696,
            4.238789698010016,
            223.17065151823456
        ],
        [
            -1.640799776447612e-05,
            0.0009172006000702233,
            1.0477495376442996
        ]
    ]
}