{
    "H_proj": [
        [
            -0.7895287217451209,
            -0.2213910393207995,
            2640.431579012633
        ],
        [
            -0.0030232298153802526,
            -1.220046038942115,
            2357.6932034203633
        ],
        [
            2.7841508784075027e-06,
            -0.00021400951657431737,
            1.0
        ]
    ],
    "H_inv_proj": [
        [
            -1.2476832332133339,
            -0.5993367545585914,
            4707.474402363879
        ],
        [
            0.016718969598417472,
            -1.3896373477542963,
            3232.1932347231905
        ],
        [
            7.051756971103248e-06,
            -0.0002957269730548473,
            1.678613792645467
        ]
    ],
    "H_graph": [
        [
            -0.25586767133419774,
            -0.07160244149553759,
            855.0194931985384
        ],
        [
            -0.0009816322828928945,
            -0.3952406358172602,
            763.3913159232658
        ],
        [
            2.7841508784075027e-06,
            -0.00021400951657431737,
            1.0
        ]
    ],
    "H_inv_graph": [
        [
            -3.8499939767725726,
            -1.849381985495081,
            4703.622046389382
        ],
        [
            0.05158996333225962,
            -4.288023815927542,
            3229.3297192487503
        ],
        [
            2.1759707225118593e-05,
            -0.0009125289454263858,
            1.678011698623349
        ]
    ]
}