{
    "H_proj": [
        [
            -0.789972144675784,
            -0.22151510795771162,
            2641.123942819002
        ],
        [
            -0.0022720471216562247,
            -1.2212158298535596,
            2357.8364596486317
        ],
        [
            3.136659273542194e-06,
            -0.00021430239571863127,
            1.0
        ]
    ],
    "H_inv_proj": [
        [
            -1.2454722066232897,
            -0.5992874276248209,
            4702.46821169123
        ],
        [
            0.016818707656983928,
            -1.3887000360942887,
            3229.907285138351
        ],
        [
            7.5109112906269454e-06,
            -0.0002957219842021791,
            1.6774268286294702
        ]
    ],
    "H_graph": [
        [
            -0.25601161147943896,
            -0.0716424509595597,
            855.24387035801
        ],
        [
            -0.0007384317165271893,
            -0.3956195367591401,
            763.4377415527973
        ],
        [
            3.136659273542194e-06,
            -0.00021430239571863127,
            1.0
        ]
    ],
    "H_inv_graph": [
        [
            -3.8431713804375804,
            -1.8492297766708763,
            4698.62057016837
        ],
        [
            0.05189772648440755,
            -4.2851315399480905,
            3227.045932653324
        ],
        [
            2.317652626822029e-05,
            -0.0009125135512524383,
            1.6768257026773974
        ]
    ]
}