{
    "rvec": [
        [
            0.5478888148005249
        ],
        [
            0.008379783385956779
        ],
        [
            0.00788934174754012
        ]
    ],
    "tvec": [
        [
            -317.2724399247433
        ],
        [
            -211.7685160740938
        ],
        [
            488.7676974617012
        ]
    ],
    "camera_matrix": [
        [
            1061.9042520946693,
            0.0,
            959.4390526285888
        ],
        [
            0.0,
            1075.1184301914811,
            539.4965456591278
        ],
        [
            0.0,
            0.0,
            1.0
        ]
    ],
    "dist_coeffs": [
        [
            0.0
        ],
        [
            0.0
        ],
        [
            0.0
        ],
        [
            0.0
        ]
    ],
    "table_size_mm": 597.0,
    "tag_offset_mm": 10.0,
    "fisheye_balance": 0.3,
    "tag_ids": {
        "TL": 42,
        "TR": 43,
        "BR": 40,
        "BL": 41
    },
    "note": "camera_matrix = new_K (fisheye rectified). dist_coeffs = 0 car image rectifi\u00e9e via cv2.remap (fisheye). Le rep\u00e8re table a son origine au coin TL de la table (pas au centre du tag TL). Les centres des tags sont \u00e0 TAG_OFFSET_MM=10.0 mm des bords."
}