{
    "rvec": [
        [
            0.5335360493694249
        ],
        [
            0.007403517671818126
        ],
        [
            -0.0013534933310193804
        ]
    ],
    "tvec": [
        [
            -318.4762740170256
        ],
        [
            -205.00362375175567
        ],
        [
            488.6491047729546
        ]
    ],
    "camera_matrix": [
        [
            1045.6983835463204,
            0.0,
            959.436383912244
        ],
        [
            0.0,
            1053.7480898716292,
            539.4959058486415
        ],
        [
            0.0,
            0.0,
            1.0
        ]
    ],
    "dist_coeffs": [
        [
            0.0
        ],
        [
            0.0
        ],
        [
            0.0
        ],
        [
            0.0
        ]
    ],
    "table_size_mm": 597.0,
    "tag_offset_mm": 10.0,
    "fisheye_balance": 0.3,
    "tag_ids": {
        "TL": 42,
        "TR": 43,
        "BR": 40,
        "BL": 41
    },
    "note": "camera_matrix = new_K (fisheye rectified). dist_coeffs = 0 car image rectifi\u00e9e via cv2.remap (fisheye). Le rep\u00e8re table a son origine au coin TL de la table (pas au centre du tag TL). Les centres des tags sont \u00e0 TAG_OFFSET_MM=10.0 mm des bords."
}