{
    "rvec": [
        [
            0.5155787542646715
        ],
        [
            0.0049736975974541495
        ],
        [
            0.0013471933414659406
        ]
    ],
    "tvec": [
        [
            -330.3297112302938
        ],
        [
            -207.7300283591944
        ],
        [
            464.30735404792665
        ]
    ],
    "camera_matrix": [
        [
            991.1388893619702,
            0.0,
            959.4235474151814
        ],
        [
            0.0,
            992.8435673685584,
            539.4871944013759
        ],
        [
            0.0,
            0.0,
            1.0
        ]
    ],
    "dist_coeffs": [
        [
            0.0
        ],
        [
            0.0
        ],
        [
            0.0
        ],
        [
            0.0
        ]
    ],
    "table_size_mm": 597.0,
    "tag_offset_mm": 10.0,
    "tag_ids": {
        "TL": 42,
        "TR": 43,
        "BR": 40,
        "BL": 41
    },
    "note": "camera_matrix = new_K (fisheye rectified). dist_coeffs = 0 car image rectifi\u00e9e via cv2.remap (fisheye). Le rep\u00e8re table a son origine au coin TL de la table (pas au centre du tag TL). Les centres des tags sont \u00e0 TAG_OFFSET_MM=10.0 mm des bords."
}