{
    "rvec": [
        [
            0.4501787029390682
        ],
        [
            0.025698744431990515
        ],
        [
            -0.013561026004840007
        ]
    ],
    "tvec": [
        [
            -337.69830216902545
        ],
        [
            -183.73020842362666
        ],
        [
            736.7039090986947
        ]
    ],
    "camera_matrix": [
        [
            1506.8957023313749,
            0.0,
            939.6390846747661
        ],
        [
            0.0,
            1318.0517034265504,
            458.17073224902526
        ],
        [
            0.0,
            0.0,
            1.0
        ]
    ],
    "dist_coeffs": [
        [
            0.0
        ],
        [
            0.0
        ],
        [
            0.0
        ],
        [
            0.0
        ],
        [
            0.0
        ]
    ],
    "table_size_mm": 580.0,
    "tag_ids": {
        "TL": 42,
        "TR": 43,
        "BR": 40,
        "BL": 41
    },
    "note": "camera_matrix = new_K (apr\u00e8s getOptimalNewCameraMatrix). dist_coeffs = 0 car l'image est pr\u00e9alablement undistordue."
}