{
    "rvec": [
        [
            0.515278653107469
        ],
        [
            0.005275140580369441
        ],
        [
            0.0010909479320557896
        ]
    ],
    "tvec": [
        [
            -330.28814942119146
        ],
        [
            -207.8206843282253
        ],
        [
            464.4409048349252
        ]
    ],
    "camera_matrix": [
        [
            991.1388893619702,
            0.0,
            959.4235474151814
        ],
        [
            0.0,
            992.8435673685584,
            539.4871944013759
        ],
        [
            0.0,
            0.0,
            1.0
        ]
    ],
    "dist_coeffs": [
        [
            0.0
        ],
        [
            0.0
        ],
        [
            0.0
        ],
        [
            0.0
        ]
    ],
    "table_size_mm": 597.0,
    "tag_offset_mm": 10.0,
    "tag_ids": {
        "TL": 42,
        "TR": 43,
        "BR": 40,
        "BL": 41
    },
    "note": "camera_matrix = new_K (fisheye rectified). dist_coeffs = 0 car image rectifi\u00e9e via cv2.remap (fisheye). Le rep\u00e8re table a son origine au coin TL de la table (pas au centre du tag TL). Les centres des tags sont \u00e0 TAG_OFFSET_MM=10.0 mm des bords."
}