{
    "rvec": [
        [
            0.45518585544414475
        ],
        [
            0.03399592934562978
        ],
        [
            -0.006911476472764118
        ]
    ],
    "tvec": [
        [
            -317.50532386468547
        ],
        [
            -195.8019434410947
        ],
        [
            721.4152449614027
        ]
    ],
    "camera_matrix": [
        [
            1506.8957023313749,
            0.0,
            939.6390846747661
        ],
        [
            0.0,
            1318.0517034265504,
            458.17073224902526
        ],
        [
            0.0,
            0.0,
            1.0
        ]
    ],
    "dist_coeffs": [
        [
            0.0
        ],
        [
            0.0
        ],
        [
            0.0
        ],
        [
            0.0
        ],
        [
            0.0
        ]
    ],
    "table_size_mm": 597.0,
    "tag_offset_mm": 10.0,
    "tag_ids": {
        "TL": 42,
        "TR": 43,
        "BR": 40,
        "BL": 41
    },
    "note": "camera_matrix = new_K (apr\u00e8s getOptimalNewCameraMatrix). dist_coeffs = 0 car l'image est pr\u00e9alablement undistordue. Le rep\u00e8re table a son origine au coin TL de la table (pas au centre du tag TL). Les centres des tags sont \u00e0 TAG_OFFSET_MM=10.0 mm des bords."
}