{
    "rvec": [
        [
            0.44947188105568897
        ],
        [
            0.022871004590871078
        ],
        [
            -0.013771951320916815
        ]
    ],
    "tvec": [
        [
            -337.5285158806173
        ],
        [
            -183.73724553446442
        ],
        [
            736.5711758301464
        ]
    ],
    "camera_matrix": [
        [
            1506.8957023313749,
            0.0,
            939.6390846747661
        ],
        [
            0.0,
            1318.0517034265504,
            458.17073224902526
        ],
        [
            0.0,
            0.0,
            1.0
        ]
    ]
}