{
    "rvec": [
        [
            0.0670658612700572
        ],
        [
            -3.0150168334400718
        ],
        [
            -0.861484529993243
        ]
    ],
    "tvec": [
        [
            275.688043511526
        ],
        [
            -195.905437523242
        ],
        [
            524.8148592637233
        ]
    ],
    "camera_matrix": [
        [
            1132.6844393523172,
            0.0,
            959.4662173816595
        ],
        [
            0.0,
            1139.3681502787144,
            539.5018933341147
        ],
        [
            0.0,
            0.0,
            1.0
        ]
    ],
    "dist_coeffs": [
        [
            0.0
        ],
        [
            0.0
        ],
        [
            0.0
        ],
        [
            0.0
        ]
    ],
    "table_size_mm": 597.0,
    "tag_offset_mm": 10.0,
    "fisheye_balance": 0.3,
    "tag_ids": {
        "TL": 42,
        "TR": 43,
        "BR": 40,
        "BL": 41
    },
    "note": "camera_matrix = new_K (fisheye rectified). dist_coeffs = 0 car image rectifi\u00e9e via cv2.remap (fisheye). Le rep\u00e8re table a son origine au coin TL de la table (pas au centre du tag TL). Les centres des tags sont \u00e0 TAG_OFFSET_MM=10.0 mm des bords."
}