{
    "model": "fisheye",
    "pattern_size": [
        9,
        6
    ],
    "square_size_m": 0.024,
    "image_size_px": [
        1920,
        1080
    ],
    "num_input_images": 26,
    "num_valid_images": 25,
    "rms_error": 0.6266391154662685,
    "mean_reprojection_error_px": 0.08387250990513956,
    "camera_matrix": [
        [
            1922.4436423034617,
            0.0,
            953.69633730263
        ],
        [
            0.0,
            2919.019694029005,
            982.5423465318735
        ],
        [
            0.0,
            0.0,
            1.0
        ]
    ],
    "dist_coeffs": [
        [
            0.2160412717894059
        ],
        [
            8.386380001170822
        ],
        [
            -79.63770874842378
        ],
        [
            235.2266390396886
        ]
    ]
}