{
    "pattern_size": [
        9,
        6
    ],
    "square_size_m": 0.024,
    "image_size_px": [
        1920,
        1080
    ],
    "num_input_images": 22,
    "num_valid_images": 22,
    "rms_error": 0.2626061197929162,
    "mean_reprojection_error_px": 0.03248151918652129,
    "camera_matrix": [
        [
            1503.330480648983,
            0.0,
            957.0873541466979
        ],
        [
            0.0,
            1507.9193731573334,
            557.4360280448212
        ],
        [
            0.0,
            0.0,
            1.0
        ]
    ],
    "dist_coeffs": [
        [
            0.057169269126300416,
            -1.1451645464395743,
            0.0011960714647969628,
            0.001519886053938792,
            1.5663416667189023
        ]
    ]
}