{
    "pattern_size": [
        9,
        6
    ],
    "square_size_m": 0.024,
    "image_size_px": [
        1920,
        1080
    ],
    "num_input_images": 26,
    "num_valid_images": 26,
    "rms_error": 0.9112394163353714,
    "mean_reprojection_error_px": 0.1194119415376433,
    "camera_matrix": [
        [
            1437.9325393792944,
            0.0,
            832.903161449491
        ],
        [
            0.0,
            1409.4119677192202,
            620.5604682537491
        ],
        [
            0.0,
            0.0,
            1.0
        ]
    ],
    "dist_coeffs": [
        [
            -0.07308354781400139,
            -0.14659929229748533,
            0.0058474734362089584,
            -0.024730398620674103,
            0.1876219136842706
        ]
    ]
}