{
    "pattern_size": [
        9,
        6
    ],
    "square_size_m": 0.024,
    "image_size_px": [
        1920,
        1080
    ],
    "num_input_images": 18,
    "num_valid_images": 18,
    "rms_error": 0.6155453544843934,
    "mean_reprojection_error_px": 0.08039461140099786,
    "camera_matrix": [
        [
            1493.016011524046,
            0.0,
            990.5249785326611
        ],
        [
            0.0,
            1483.9836643411222,
            577.448422674063
        ],
        [
            0.0,
            0.0,
            1.0
        ]
    ],
    "dist_coeffs": [
        [
            -0.036539570624427885,
            -0.6324423966438308,
            0.005149725687534498,
            0.0016322069034260872,
            1.7649405863474894
        ]
    ]
}