{
    "model": "fisheye",
    "pattern_size": [
        9,
        6
    ],
    "square_size_m": 0.024,
    "image_size_px": [
        1920,
        1080
    ],
    "num_input_images": 30,
    "num_valid_images": 29,
    "rms_error": 0.8150520840190041,
    "mean_reprojection_error_px": 0.10679839663860555,
    "intrinsics_valid": true,
    "camera_matrix": [
        [
            1117.1898165421042,
            0.0,
            959.5
        ],
        [
            0.0,
            1123.7820972553025,
            539.5
        ],
        [
            0.0,
            0.0,
            1.0
        ]
    ],
    "dist_coeffs": [
        [
            0.43701522212198934
        ],
        [
            0.14871821035945074
        ],
        [
            -0.6395944418862679
        ],
        [
            0.47676101315034264
        ]
    ],
    "flags_used": [
        "CALIB_RECOMPUTE_EXTRINSIC",
        "CALIB_FIX_SKEW",
        "CALIB_FIX_PRINCIPAL_POINT"
    ]
}