{
    "model": "fisheye",
    "pattern_size": [
        9,
        6
    ],
    "square_size_m": 0.024,
    "image_size_px": [
        1920,
        1080
    ],
    "num_input_images": 33,
    "num_valid_images": 32,
    "rms_error": 1.0599126193817192,
    "mean_reprojection_error_px": 0.1343006926517055,
    "intrinsics_valid": true,
    "camera_matrix": [
        [
            1056.5629231713608,
            0.0,
            959.5
        ],
        [
            0.0,
            1069.7106345678774,
            539.5
        ],
        [
            0.0,
            0.0,
            1.0
        ]
    ],
    "dist_coeffs": [
        [
            0.4176333514863232
        ],
        [
            -0.06871566773200698
        ],
        [
            0.04145224052364724
        ],
        [
            -0.14885393020134996
        ]
    ],
    "flags_used": [
        "CALIB_RECOMPUTE_EXTRINSIC",
        "CALIB_FIX_SKEW",
        "CALIB_FIX_PRINCIPAL_POINT"
    ]
}