{
    "model": "fisheye",
    "pattern_size": [
        9,
        6
    ],
    "square_size_m": 0.024,
    "image_size_px": [
        1920,
        1080
    ],
    "num_input_images": 44,
    "num_valid_images": 43,
    "rms_error": 0.838922377667727,
    "mean_reprojection_error_px": 0.10703468319856059,
    "intrinsics_valid": true,
    "camera_matrix": [
        [
            1011.9780816242493,
            0.0,
            959.5
        ],
        [
            0.0,
            1013.7186013409206,
            539.5
        ],
        [
            0.0,
            0.0,
            1.0
        ]
    ],
    "dist_coeffs": [
        [
            0.34256507408555437
        ],
        [
            0.1861072676287245
        ],
        [
            -0.6529276493939373
        ],
        [
            0.44428477442387254
        ]
    ],
    "flags_used": [
        "CALIB_RECOMPUTE_EXTRINSIC",
        "CALIB_FIX_SKEW",
        "CALIB_FIX_PRINCIPAL_POINT"
    ]
}