{
    "H_top_to_table": [
        [
            0.6974141511052776,
            0.07292511452568494,
            -330.63643186332376
        ],
        [
            0.021854192431101198,
            0.8535722129439113,
            -107.8743104409518
        ],
        [
            -4.185935188390296e-06,
            0.0003118463458169586,
            0.9999999999999999
        ]
    ],
    "table_width": 600,
    "table_height": 600,
    "margin": 10,
    "point_order_in_cam_top": [
        "TL",
        "TR",
        "BR",
        "BL"
    ]
}