{
    "pattern_size": [
        9,
        6
    ],
    "square_size_m": 0.024,
    "image_size_px": [
        1920,
        1080
    ],
    "num_input_images": 25,
    "num_valid_images": 25,
    "rms_error": 0.5722704518314015,
    "mean_reprojection_error_px": 0.07382686469076918,
    "camera_matrix": [
        [
            1444.0119284812874,
            0.0,
            987.7828851856414
        ],
        [
            0.0,
            1444.025459769989,
            605.4191825655621
        ],
        [
            0.0,
            0.0,
            1.0
        ]
    ],
    "dist_coeffs": [
        [
            0.11162415068302473,
            -2.0247445357286615,
            0.008140256691685388,
            0.004680292674463452,
            6.322782344221403
        ]
    ]
}