{
    "pattern_size": [
        9,
        6
    ],
    "square_size_m": 0.024,
    "image_size_px": [
        1920,
        1080
    ],
    "num_input_images": 19,
    "num_valid_images": 19,
    "rms_error": 0.38528644386772526,
    "mean_reprojection_error_px": 0.04915546727622379,
    "camera_matrix": [
        [
            1546.3986092793373,
            0.0,
            964.4776947769593
        ],
        [
            0.0,
            1555.2994685688275,
            598.2037999053683
        ],
        [
            0.0,
            0.0,
            1.0
        ]
    ],
    "dist_coeffs": [
        [
            0.1440439751928723,
            -2.6404518965376296,
            0.006897329110286896,
            0.005337279513613839,
            10.602611895032476
        ]
    ]
}