{
    "pattern_size": [
        9,
        6
    ],
    "square_size_m": 0.024,
    "image_size_px": [
        1920,
        1080
    ],
    "num_input_images": 41,
    "num_valid_images": 38,
    "rms_error": 0.5012730347089386,
    "mean_reprojection_error_px": 0.06809334745870564,
    "camera_matrix": [
        [
            1312.1096258302232,
            0.0,
            956.585395314252
        ],
        [
            0.0,
            1388.7947151848557,
            522.9500630536562
        ],
        [
            0.0,
            0.0,
            1.0
        ]
    ],
    "dist_coeffs": [
        [
            0.12469685734788223,
            -0.48304603233974236,
            -0.03493571252930775,
            -0.0013528171997975653,
            0.11312008205142232
        ]
    ]
}