{
    "pattern_size": [
        9,
        6
    ],
    "square_size_m": 0.024,
    "image_size_px": [
        1920,
        1080
    ],
    "num_input_images": 13,
    "num_valid_images": 13,
    "rms_error": 0.17124677976921351,
    "mean_reprojection_error_px": 0.02234085623980609,
    "camera_matrix": [
        [
            1951.5894062384461,
            0.0,
            969.7023879498316
        ],
        [
            0.0,
            2117.767038069045,
            561.7321315281431
        ],
        [
            0.0,
            0.0,
            1.0
        ]
    ],
    "dist_coeffs": [
        [
            0.23696632754662406,
            -6.416179610562746,
            -0.016827940437113085,
            0.0007537018045365994,
            38.84353509156074
        ]
    ]
}