{
    "model": "fisheye",
    "pattern_size": [
        9,
        6
    ],
    "square_size_m": 0.024,
    "image_size_px": [
        1920,
        1080
    ],
    "num_input_images": 42,
    "num_valid_images": 40,
    "rms_error": 1.32393734887796,
    "mean_reprojection_error_px": 0.1654506633156467,
    "intrinsics_valid": true,
    "camera_matrix": [
        [
            1050.019030671631,
            0.0,
            959.5
        ],
        [
            0.0,
            1058.1019970086613,
            539.5
        ],
        [
            0.0,
            0.0,
            1.0
        ]
    ],
    "dist_coeffs": [
        [
            0.33741294195922705
        ],
        [
            0.31326714113203596
        ],
        [
            -0.6623339360326409
        ],
        [
            0.28786501559758515
        ]
    ],
    "flags_used": [
        "CALIB_RECOMPUTE_EXTRINSIC",
        "CALIB_FIX_SKEW",
        "CALIB_FIX_PRINCIPAL_POINT"
    ]
}