{
    "rvec": [
        [
            -0.49837928414883725
        ],
        [
            0.0041744382931059075
        ],
        [
            0.0081080639477103
        ]
    ],
    "tvec": [
        [
            -297.157610860339
        ],
        [
            -319.74171054620024
        ],
        [
            1350.9982773432598
        ]
    ],
    "camera_matrix": [
        [
            2247.723130139846,
            0.0,
            955.3431817777339
        ],
        [
            0.0,
            2114.03681407314,
            554.2437723007281
        ],
        [
            0.0,
            0.0,
            1.0
        ]
    ],
    "dist_coeffs": [
        [
            0.0
        ],
        [
            0.0
        ],
        [
            0.0
        ],
        [
            0.0
        ],
        [
            0.0
        ]
    ],
    "table_size_mm": 580.0,
    "tag_ids": {
        "TL": 41,
        "TR": 40,
        "BR": 43,
        "BL": 42
    },
    "note": "camera_matrix = new_K (apr\u00e8s getOptimalNewCameraMatrix). dist_coeffs = 0 car l'image est pr\u00e9alablement undistordue."
}