{
    "rvec": [
        [
            -0.002300051361747193
        ],
        [
            -0.016689354857379348
        ],
        [
            -0.005497166974140191
        ]
    ],
    "tvec": [
        [
            -313.1348434464183
        ],
        [
            -292.28675050640436
        ],
        [
            917.4397938734112
        ]
    ],
    "camera_matrix": [
        [
            1407.7467169047316,
            0.0,
            960.2671949596626
        ],
        [
            0.0,
            1414.0710486018247,
            559.3704596875691
        ],
        [
            0.0,
            0.0,
            1.0
        ]
    ],
    "dist_coeffs": [
        [
            0.0
        ],
        [
            0.0
        ],
        [
            0.0
        ],
        [
            0.0
        ],
        [
            0.0
        ]
    ],
    "table_size_mm": 597.0,
    "tag_offset_mm": 10.0,
    "tag_ids": {
        "TL": 40,
        "TR": 43,
        "BR": 42,
        "BL": 41
    },
    "note": "camera_matrix = new_K (apr\u00e8s getOptimalNewCameraMatrix). dist_coeffs = 0 car l'image est pr\u00e9alablement undistordue. Le rep\u00e8re table a son origine au coin TL de la table (pas au centre du tag TL). Les centres des tags sont \u00e0 TAG_OFFSET_MM=10.0 mm des bords."
}