{
    "rvec": [
        [
            -3.140612167262246
        ],
        [
            -0.020059996386028272
        ],
        [
            -0.046036747348132935
        ]
    ],
    "tvec": [
        [
            -326.5514603366819
        ],
        [
            318.17865476537156
        ],
        [
            984.0488590055282
        ]
    ],
    "camera_matrix": [
        [
            1495.7202653309198,
            0.0,
            986.0230140128457
        ],
        [
            0.0,
            1449.9706045650169,
            581.5868664711646
        ],
        [
            0.0,
            0.0,
            1.0
        ]
    ],
    "dist_coeffs": [
        [
            0.0
        ],
        [
            0.0
        ],
        [
            0.0
        ],
        [
            0.0
        ],
        [
            0.0
        ]
    ],
    "table_size_mm": 597.0,
    "tag_offset_mm": 10.0,
    "tag_ids": {
        "TL": 40,
        "TR": 43,
        "BR": 42,
        "BL": 41
    },
    "note": "camera_matrix = new_K (apr\u00e8s getOptimalNewCameraMatrix). dist_coeffs = 0 car l'image est pr\u00e9alablement undistordue. Le rep\u00e8re table a son origine au coin TL de la table (pas au centre du tag TL). Les centres des tags sont \u00e0 TAG_OFFSET_MM=10.0 mm des bords."
}