{
    "rvec": [
        [
            0.0840986220396662
        ],
        [
            0.04599644543298738
        ],
        [
            0.004414168920193732
        ]
    ],
    "tvec": [
        [
            -213.81760934078622
        ],
        [
            -363.0255339861302
        ],
        [
            928.9422953811069
        ]
    ],
    "camera_matrix": [
        [
            1327.4463984003587,
            0.0,
            773.9215142637189
        ],
        [
            0.0,
            1277.5310495956187,
            629.0340533297652
        ],
        [
            0.0,
            0.0,
            1.0
        ]
    ],
    "dist_coeffs": [
        [
            0.0
        ],
        [
            0.0
        ],
        [
            0.0
        ],
        [
            0.0
        ],
        [
            0.0
        ]
    ],
    "table_size_mm": 597.0,
    "tag_offset_mm": 10.0,
    "tag_ids": {
        "TL": 40,
        "TR": 43,
        "BR": 42,
        "BL": 41
    },
    "note": "camera_matrix = new_K (apr\u00e8s getOptimalNewCameraMatrix). dist_coeffs = 0 car l'image est pr\u00e9alablement undistordue. Le rep\u00e8re table a son origine au coin TL de la table (pas au centre du tag TL). Les centres des tags sont \u00e0 TAG_OFFSET_MM=10.0 mm des bords."
}