{
    "rvec": [
        [
            -0.49789322048866175
        ],
        [
            0.0018782195053544009
        ],
        [
            0.007979836838089449
        ]
    ],
    "tvec": [
        [
            -297.42289162415085
        ],
        [
            -320.07185814020846
        ],
        [
            1350.4863209199887
        ]
    ],
    "camera_matrix": [
        [
            2247.723130139846,
            0.0,
            955.3431817777339
        ],
        [
            0.0,
            2114.03681407314,
            554.2437723007281
        ],
        [
            0.0,
            0.0,
            1.0
        ]
    ],
    "dist_coeffs": [
        [
            0.0
        ],
        [
            0.0
        ],
        [
            0.0
        ],
        [
            0.0
        ],
        [
            0.0
        ]
    ],
    "table_size_mm": 580.0,
    "tag_ids": {
        "TL": 41,
        "TR": 40,
        "BR": 43,
        "BL": 42
    },
    "note": "camera_matrix = new_K (apr\u00e8s getOptimalNewCameraMatrix). dist_coeffs = 0 car l'image est pr\u00e9alablement undistordue."
}