{
    "rvec": [
        [
            0.01356511620796891
        ],
        [
            -0.0337263498967078
        ],
        [
            0.014005518397136195
        ]
    ],
    "tvec": [
        [
            -318.6975888113232
        ],
        [
            -299.68128694633964
        ],
        [
            958.1328177231936
        ]
    ],
    "camera_matrix": [
        [
            1658.1264449524565,
            0.0,
            948.4607904465748
        ],
        [
            0.0,
            1428.4105206427714,
            610.640567072147
        ],
        [
            0.0,
            0.0,
            1.0
        ]
    ],
    "dist_coeffs": [
        [
            0.0
        ],
        [
            0.0
        ],
        [
            0.0
        ],
        [
            0.0
        ],
        [
            0.0
        ]
    ],
    "table_size_mm": 597.0,
    "tag_offset_mm": 10.0,
    "tag_ids": {
        "TL": 40,
        "TR": 43,
        "BR": 42,
        "BL": 41
    },
    "note": "camera_matrix = new_K (apr\u00e8s getOptimalNewCameraMatrix). dist_coeffs = 0 car l'image est pr\u00e9alablement undistordue. Le rep\u00e8re table a son origine au coin TL de la table (pas au centre du tag TL). Les centres des tags sont \u00e0 TAG_OFFSET_MM=10.0 mm des bords."
}