{
    "rvec": [
        [
            0.01669207267588263
        ],
        [
            -0.016782595939724955
        ],
        [
            2.120980112006335e-05
        ]
    ],
    "tvec": [
        [
            -255.81883261940325
        ],
        [
            -280.33029026018806
        ],
        [
            1080.0938295612482
        ]
    ],
    "camera_matrix": [
        [
            1839.719217658222,
            0.0,
            958.397487242281
        ],
        [
            0.0,
            1548.538356701973,
            601.641002917732
        ],
        [
            0.0,
            0.0,
            1.0
        ]
    ],
    "dist_coeffs": [
        [
            0.0
        ],
        [
            0.0
        ],
        [
            0.0
        ],
        [
            0.0
        ],
        [
            0.0
        ]
    ],
    "table_size_mm": 597.0,
    "tag_offset_mm": 10.0,
    "tag_ids": {
        "TL": 40,
        "TR": 43,
        "BR": 42,
        "BL": 41
    },
    "note": "camera_matrix = new_K (apr\u00e8s getOptimalNewCameraMatrix). dist_coeffs = 0 car l'image est pr\u00e9alablement undistordue. Le rep\u00e8re table a son origine au coin TL de la table (pas au centre du tag TL). Les centres des tags sont \u00e0 TAG_OFFSET_MM=10.0 mm des bords."
}