{
  "cup_height_mm": 95.0,
  "error_at_height_mm": 16.455414722803756,
  "delta_x_mm": -2.6489080104208256,
  "delta_y_mm": 16.240811557671464,
  "correction_factor": 0.17321489181898692
}