{
    "H_table_to_proj": [
        [
            -2.7267408122543766,
            0.09058263281856517,
            2676.9149165812973
        ],
        [
            -0.0435807279824113,
            -2.46734832000841,
            2200.322149715613
        ],
        [
            -5.1345291769062555e-05,
            8.325133065733813e-05,
            1.0
        ]
    ],
    "points_table_mm": [
        [
            475.3764953613281,
            574.3197631835938
        ],
        [
            260.6483459472656,
            570.2830810546875
        ],
        [
            42.33235549926758,
            574.4727172851562
        ],
        [
            476.53594970703125,
            432.2532958984375
        ],
        [
            265.31298828125,
            428.5141296386719
        ],
        [
            49.04230499267578,
            431.5921630859375
        ],
        [
            478.2532958984375,
            296.72003173828125
        ],
        [
            269.0012512207031,
            292.50384521484375
        ],
        [
            54.22435760498047,
            290.9525146484375
        ]
    ],
    "points_projector_px": [
        [
            1400.0,
            750.0
        ],
        [
            1950.0,
            750.0
        ],
        [
            2500.0,
            750.0
        ],
        [
            1400.0,
            1100.0
        ],
        [
            1950.0,
            1100.0
        ],
        [
            2500.0,
            1100.0
        ],
        [
            1400.0,
            1450.0
        ],
        [
            1950.0,
            1450.0
        ],
        [
            2500.0,
            1450.0
        ]
    ],
    "projector_resolution": [
        3840,
        2160
    ],
    "proj_safe_rect": [
        1400,
        750,
        2500,
        1450
    ],
    "grid_rows": 3,
    "grid_cols": 3,
    "calib_tag_id": 7,
    "fisheye_balance": 0.3,
    "mean_reprojection_error_px": 3.572942018508911,
    "max_reprojection_error_px": 7.087583065032959,
    "note": "Homographie calculee a partir de correspondances reelles table(mm) -> projecteur(px). Detection ArUco effectuee sur image fisheye rectifiee."
}