{
    "H_table_to_proj": [
        [
            -2.68938608143669,
            0.10633942999050887,
            2672.8120583046607
        ],
        [
            -0.04194089300805991,
            -2.3912020301474453,
            2198.6943688872743
        ],
        [
            -4.1744894325143223e-05,
            9.224614979646577e-05,
            1.0
        ]
    ],
    "points_table_mm": [
        [
            479.25286865234375,
            537.1162109375
        ],
        [
            262.1043395996094,
            535.8285522460938
        ],
        [
            41.22319793701172,
            538.6220092773438
        ],
        [
            479.5040588378906,
            432.18316650390625
        ],
        [
            265.05487060546875,
            428.6684265136719
        ],
        [
            45.81108093261719,
            430.7076721191406
        ],
        [
            481.42425537109375,
            328.1499328613281
        ],
        [
            267.7304382324219,
            327.0030212402344
        ],
        [
            51.347412109375,
            325.6011962890625
        ]
    ],
    "points_projector_px": [
        [
            1400.0,
            870.0
        ],
        [
            1950.0,
            870.0
        ],
        [
            2500.0,
            870.0
        ],
        [
            1400.0,
            1125.0
        ],
        [
            1950.0,
            1125.0
        ],
        [
            2500.0,
            1125.0
        ],
        [
            1400.0,
            1380.0
        ],
        [
            1950.0,
            1380.0
        ],
        [
            2500.0,
            1380.0
        ]
    ],
    "projector_resolution": [
        3840,
        2160
    ],
    "proj_safe_rect": [
        1400,
        870,
        2500,
        1380
    ],
    "grid_rows": 3,
    "grid_cols": 3,
    "calib_tag_id": 7,
    "fisheye_balance": 0.3,
    "mean_reprojection_error_px": 2.07536244392395,
    "max_reprojection_error_px": 5.354443073272705,
    "note": "Homographie calculee a partir de correspondances reelles table(mm) -> projecteur(px). Detection ArUco effectuee sur image fisheye rectifiee."
}