{
    "H_table_to_proj": [
        [
            2.6973128933928767,
            -0.06204010392255142,
            1121.0473824140533
        ],
        [
            0.05696116642741528,
            -2.4733020491185966,
            2205.29768594543
        ],
        [
            5.304682014418257e-05,
            5.158384941471466e-06,
            1.0
        ]
    ],
    "points_table_mm": [
        [
            120.57998657226562,
            538.035400390625
        ],
        [
            334.3656921386719,
            541.31787109375
        ],
        [
            553.5792236328125,
            542.1666259765625
        ],
        [
            117.67587280273438,
            436.1224365234375
        ],
        [
            332.8756103515625,
            434.96734619140625
        ],
        [
            549.6648559570312,
            434.2841796875
        ],
        [
            114.62115478515625,
            332.65924072265625
        ],
        [
            329.20733642578125,
            330.4883728027344
        ],
        [
            547.1860961914062,
            328.9511413574219
        ]
    ],
    "points_projector_px": [
        [
            1400.0,
            870.0
        ],
        [
            1950.0,
            870.0
        ],
        [
            2500.0,
            870.0
        ],
        [
            1400.0,
            1125.0
        ],
        [
            1950.0,
            1125.0
        ],
        [
            2500.0,
            1125.0
        ],
        [
            1400.0,
            1380.0
        ],
        [
            1950.0,
            1380.0
        ],
        [
            2500.0,
            1380.0
        ]
    ],
    "projector_resolution": [
        3840,
        2160
    ],
    "proj_safe_rect": [
        1400,
        870,
        2500,
        1380
    ],
    "grid_rows": 3,
    "grid_cols": 3,
    "calib_tag_id": 7,
    "fisheye_balance": 0.3,
    "mean_reprojection_error_px": 2.1019628047943115,
    "max_reprojection_error_px": 3.431774616241455,
    "note": "Homographie calculee a partir de correspondances reelles table(mm) -> projecteur(px). Detection ArUco effectuee sur image fisheye rectifiee."
}