{
    "H_table_to_proj": [
        [
            -2.646138078639535,
            0.07762074706665703,
            2702.206125385618
        ],
        [
            -0.05726127259701387,
            -2.4705533694355757,
            2204.8729840160236
        ],
        [
            -1.9877263683615574e-05,
            5.330112577174168e-05,
            1.0
        ]
    ],
    "points_table_mm": [
        [
            497.9037170410156,
            572.74609375
        ],
        [
            282.4393310546875,
            573.9559936523438
        ],
        [
            65.39742279052734,
            579.4909057617188
        ],
        [
            497.03271484375,
            428.8194885253906
        ],
        [
            284.2017517089844,
            430.4226989746094
        ],
        [
            70.15726470947266,
            435.4832458496094
        ],
        [
            498.4463806152344,
            291.54254150390625
        ],
        [
            285.9595031738281,
            293.53948974609375
        ],
        [
            69.89684295654297,
            296.1931457519531
        ]
    ],
    "points_projector_px": [
        [
            1400.0,
            750.0
        ],
        [
            1950.0,
            750.0
        ],
        [
            2500.0,
            750.0
        ],
        [
            1400.0,
            1100.0
        ],
        [
            1950.0,
            1100.0
        ],
        [
            2500.0,
            1100.0
        ],
        [
            1400.0,
            1450.0
        ],
        [
            1950.0,
            1450.0
        ],
        [
            2500.0,
            1450.0
        ]
    ],
    "projector_resolution": [
        3840,
        2160
    ],
    "proj_safe_rect": [
        1400,
        750,
        2500,
        1450
    ],
    "grid_rows": 3,
    "grid_cols": 3,
    "calib_tag_id": 7,
    "fisheye_balance": 0.3,
    "mean_reprojection_error_px": 3.492133378982544,
    "max_reprojection_error_px": 6.091084003448486,
    "note": "Homographie calculee a partir de correspondances reelles table(mm) -> projecteur(px). Detection ArUco effectuee sur image fisheye rectifiee."
}