{
    "H_pixel_to_mm": [
        [
            0.44600547315702144,
            -0.11659692128694696,
            -76.42027506269858
        ],
        [
            0.00929488446667789,
            0.4858997435168004,
            -46.51969920180236
        ],
        [
            2.0539723268609647e-05,
            -0.0003248828470328128,
            1.0
        ]
    ],
    "points_image_px": [
        [
            248.6565195719401,
            130.60713653564454
        ],
        [
            1448.322823079427,
            108.96213022867839
        ],
        [
            1327.4810343424479,
            912.5767761230469
        ],
        [
            441.1447682698568,
            909.6471862792969
        ]
    ],
    "points_table_mm": [
        [
            20.0,
            20.0
        ],
        [
            560.0,
            20.0
        ],
        [
            560.0,
            560.0
        ],
        [
            20.0,
            560.0
        ]
    ],
    "table_size_mm": 580.0,
    "tag_size_mm": 40.0,
    "tag_ids": {
        "TL": 42,
        "TR": 43,
        "BR": 40,
        "BL": 41
    },
    "space": "pixel_undist_to_table_mm",
    "calibration_file": "G:\\Table_RA\\NappingAnalysisGUI\\config\\camera_calibration.json"
}