{
    "H_pixel_to_mm": [
        [
            0.4785835589342157,
            -0.11778558029057484,
            -103.38014390240716
        ],
        [
            0.009700296463196829,
            0.5292054100628945,
            -71.73911927202764
        ],
        [
            2.105071612801192e-05,
            -0.0003233571355062494,
            1.0
        ]
    ],
    "points_image_px": [
        [
            248.25587463378906,
            131.00955200195312
        ],
        [
            1449.0,
            109.0
        ],
        [
            1328.593994140625,
            913.9454345703125
        ],
        [
            440.1810607910156,
            910.8353881835938
        ]
    ],
    "points_table_mm": [
        [
            0.0,
            0.0
        ],
        [
            580.0,
            0.0
        ],
        [
            580.0,
            580.0
        ],
        [
            0.0,
            580.0
        ]
    ],
    "table_size_mm": 580.0,
    "tag_ids": {
        "TL": 42,
        "TR": 43,
        "BR": 40,
        "BL": 41
    }
}