{
    "H_pixel_to_mm": [
        [
            0.46164196077132835,
            -0.14734710538084753,
            -88.80902316675935
        ],
        [
            0.0022406095994751806,
            0.4371689396133874,
            -57.54198845045278
        ],
        [
            1.1289665695321119e-05,
            -0.0004152585341851074,
            1.0
        ]
    ],
    "points_image_px": [
        [
            234.00545806884764,
            130.4248082478841
        ],
        [
            1444.0838419596355,
            124.22282384236654
        ],
        [
            1274.749873860677,
            948.3995869954427
        ],
        [
            493.5028869628906,
            943.4364034016927
        ]
    ],
    "points_table_mm": [
        [
            0.0,
            0.0
        ],
        [
            580.0,
            0.0
        ],
        [
            580.0,
            580.0
        ],
        [
            0.0,
            580.0
        ]
    ],
    "table_size_mm": 580.0,
    "tag_ids": {
        "TL": 42,
        "TR": 43,
        "BR": 40,
        "BL": 41
    }
}