{
    "H_pixel_to_mm": [
        [
            0.42768716595451756,
            -0.14388596290888522,
            -62.36887086300256
        ],
        [
            0.0024317348101940434,
            0.3980670866168521,
            -33.68365374144048
        ],
        [
            7.695867817426354e-06,
            -0.0004126279612911372,
            1.0
        ]
    ],
    "points_image_px": [
        [
            234.15943196614583,
            130.8090362548828
        ],
        [
            1444.4692220052084,
            124.02406845092773
        ],
        [
            1274.901835123698,
            947.4505777994792
        ],
        [
            492.4951405843099,
            945.1150960286458
        ]
    ],
    "points_table_mm": [
        [
            20.0,
            20.0
        ],
        [
            560.0,
            20.0
        ],
        [
            560.0,
            560.0
        ],
        [
            20.0,
            560.0
        ]
    ],
    "table_size_mm": 580.0,
    "tag_ids": {
        "TL": 42,
        "TR": 43,
        "BR": 40,
        "BL": 41
    }
}