{
    "H_pixel_to_mm": [
        [
            0.6029130708730738,
            0.0925461320151865,
            -282.01246958414794
        ],
        [
            -0.006061764952441731,
            0.8381767013610517,
            -44.065344464017066
        ],
        [
            -2.7095309802573047e-06,
            0.00028439501045508775,
            1.0
        ]
    ],
    "points_image_px": [
        [
            459.17022705078125,
            55.89361572265625
        ],
        [
            1433.567626953125,
            62.9405403137207
        ],
        [
            1538.2874755859375,
            937.2352294921875
        ],
        [
            325.1278076171875,
            929.143798828125
        ]
    ],
    "points_table_mm": [
        [
            0.0,
            0.0
        ],
        [
            580.0,
            0.0
        ],
        [
            580.0,
            580.0
        ],
        [
            0.0,
            580.0
        ]
    ],
    "table_size_mm": 580.0,
    "tag_ids": {
        "TL": 41,
        "TR": 40,
        "BR": 43,
        "BL": 42
    }
}