{
    "projector_width": 3840,
    "projector_height": 2160,
    "pattern_size": [
        9,
        6
    ],
    "square_size_m": 0.024,
    "num_valid_poses": 7,
    "used_poses": [
        "pose_screen_01",
        "pose_screen_03",
        "pose_screen_04",
        "pose_screen_08",
        "pose_screen_09",
        "pose_screen_10",
        "pose_screen_12"
    ],
    "rms_error": 1.5561766776495687,
    "mean_reprojection_error_px": 0.20976758962223233,
    "per_view_reprojection_errors_px": [
        0.26193897476880756,
        0.19687227595739248,
        0.1883095955453577,
        0.19139473357096198,
        0.17538496929767056,
        0.2126419836672019,
        0.2418305945482338
    ],
    "projector_matrix": [
        [
            7437.150386633464,
            0.0,
            1920.0
        ],
        [
            0.0,
            7298.448552487868,
            1080.0
        ],
        [
            0.0,
            0.0,
            1.0
        ]
    ],
    "projector_dist_coeffs": [
        [
            2.8510712684612702
        ],
        [
            -62.032234450201
        ],
        [
            0.0
        ],
        [
            0.0
        ],
        [
            0.0
        ]
    ],
    "plausibility_check": {
        "is_ok": true,
        "message": "OK"
    }
}