{
    "H_proj_correction": [
        [
            2.7094602320145205,
            0.8026373987111606,
            -6730.658739975789
        ],
        [
            0.2595813694465362,
            3.475867803096662,
            -6161.174455750861
        ],
        [
            0.0,
            0.0,
            1.0
        ]
    ],
    "src_pts": [
        [
            2306.16259765625,
            2172.19189453125
        ],
        [
            2534.350830078125,
            2162.653076171875
        ],
        [
            2752.814208984375,
            2139.70751953125
        ],
        [
            2367.714599609375,
            2002.5482177734375
        ],
        [
            2578.76953125,
            1992.9124755859375
        ],
        [
            2792.418701171875,
            1975.2418212890625
        ],
        [
            2426.9287109375,
            1859.8624267578125
        ],
        [
            2619.578125,
            1848.1328125
        ],
        [
            2813.427001953125,
            1829.79345703125
        ]
    ],
    "dst_pts": [
        [
            1306.96923828125,
            1978.1947021484375
        ],
        [
            1857.7210693359375,
            1984.16748046875
        ],
        [
            2416.118408203125,
            1990.22314453125
        ],
        [
            1298.196044921875,
            1452.9259033203125
        ],
        [
            1852.571533203125,
            1455.2935791015625
        ],
        [
            2414.695068359375,
            1457.6943359375
        ],
        [
            1289.3052978515625,
            920.63037109375
        ],
        [
            1847.352783203125,
            919.2952880859375
        ],
        [
            2413.252197265625,
            917.9414672851562
        ]
    ]
}