{
    "projector_width": 3840,
    "projector_height": 2160,
    "pattern_size": [
        9,
        6
    ],
    "square_size_m": 0.024,
    "num_valid_poses": 7,
    "used_poses": [
        "pose_screen_01",
        "pose_screen_03",
        "pose_screen_04",
        "pose_screen_08",
        "pose_screen_09",
        "pose_screen_10",
        "pose_screen_12"
    ],
    "rms_error": 1.571391215375817,
    "mean_reprojection_error_px": 0.21018923481716884,
    "per_view_reprojection_errors_px": [
        0.28885553567380917,
        0.19240269615936154,
        0.17214581819893157,
        0.2077648267852701,
        0.16604562339235385,
        0.20409116210804096,
        0.2400189814024147
    ],
    "projector_matrix": [
        [
            7406.28790014083,
            0.0,
            1920.0
        ],
        [
            0.0,
            7280.61291792066,
            1080.0
        ],
        [
            0.0,
            0.0,
            1.0
        ]
    ],
    "projector_dist_coeffs": [
        [
            2.6279909503272125
        ],
        [
            -56.57761533822007
        ],
        [
            0.0
        ],
        [
            0.0
        ],
        [
            0.0
        ]
    ],
    "plausibility_check": {
        "is_ok": true,
        "message": "OK"
    }
}