{
    "H_proj_correction": [
        [
            2.826018066008482,
            0.21900154073395262,
            -5864.973438499775
        ],
        [
            -0.21900154073395262,
            2.826018066008482,
            -3629.188948414616
        ],
        [
            0.0,
            0.0,
            1.0
        ]
    ],
    "src_pts": [
        [
            2306.109375,
            2172.437744140625
        ],
        [
            2534.83642578125,
            2162.106689453125
        ],
        [
            2752.921630859375,
            2139.63330078125
        ],
        [
            2367.9462890625,
            2002.2469482421875
        ],
        [
            2578.700927734375,
            1993.0982666015625
        ],
        [
            2792.25927734375,
            1974.97509765625
        ],
        [
            2426.927734375,
            1859.8619384765625
        ],
        [
            2619.578125,
            1848.1328125
        ],
        [
            2813.3505859375,
            1829.801513671875
        ]
    ],
    "dst_pts": [
        [
            1306.96923828125,
            1978.1947021484375
        ],
        [
            1857.7210693359375,
            1984.16748046875
        ],
        [
            2416.118408203125,
            1990.22314453125
        ],
        [
            1298.196044921875,
            1452.9259033203125
        ],
        [
            1852.571533203125,
            1455.2935791015625
        ],
        [
            2414.695068359375,
            1457.6943359375
        ],
        [
            1289.3052978515625,
            920.63037109375
        ],
        [
            1847.352783203125,
            919.2952880859375
        ],
        [
            2413.252197265625,
            917.9414672851562
        ]
    ]
}