{
    "projector_width": 3840,
    "projector_height": 2160,
    "pattern_size": [
        9,
        6
    ],
    "square_size_m": 0.024,
    "num_valid_poses": 9,
    "used_poses": [
        "pose_01",
        "pose_02",
        "pose_03",
        "pose_04",
        "pose_06",
        "pose_09",
        "pose_10",
        "pose_11",
        "pose_12"
    ],
    "rms_error": 2.070303168011232,
    "mean_reprojection_error_px": 0.2803686057059337,
    "per_view_reprojection_errors_px": [
        0.24532272459483795,
        0.2662070124032003,
        0.28171817977550445,
        0.25460889739708964,
        0.3123743222456269,
        0.2934163859920175,
        0.2831754863660972,
        0.25279867659965183,
        0.33369576597937717
    ],
    "projector_matrix": [
        [
            6994.258345321683,
            0.0,
            1920.0
        ],
        [
            0.0,
            7257.044991112007,
            1080.0
        ],
        [
            0.0,
            0.0,
            1.0
        ]
    ],
    "projector_dist_coeffs": [
        [
            -0.9659574907479923
        ],
        [
            15.087739742547145
        ],
        [
            0.0
        ],
        [
            0.0
        ],
        [
            0.0
        ]
    ],
    "plausibility_check": {
        "is_ok": true,
        "message": "OK"
    }
}