{
    "H_proj_correction": [
        [
            2.7114309294687167,
            0.8040702050670366,
            -6738.536314588787
        ],
        [
            0.260366511245283,
            3.476121873853971,
            -6163.788080750899
        ],
        [
            0.0,
            0.0,
            1.0
        ]
    ],
    "src_pts": [
        [
            2306.164306640625,
            2172.18310546875
        ],
        [
            2534.349609375,
            2162.653564453125
        ],
        [
            2752.439697265625,
            2139.7421875
        ],
        [
            2367.87890625,
            2002.5421142578125
        ],
        [
            2578.93505859375,
            1993.3865966796875
        ],
        [
            2792.25927734375,
            1974.97509765625
        ],
        [
            2426.927734375,
            1859.8619384765625
        ],
        [
            2619.578125,
            1848.1328125
        ],
        [
            2813.3505859375,
            1829.801513671875
        ]
    ],
    "dst_pts": [
        [
            1306.96923828125,
            1978.1947021484375
        ],
        [
            1857.7210693359375,
            1984.16748046875
        ],
        [
            2416.118408203125,
            1990.22314453125
        ],
        [
            1298.196044921875,
            1452.9259033203125
        ],
        [
            1852.571533203125,
            1455.2935791015625
        ],
        [
            2414.695068359375,
            1457.6943359375
        ],
        [
            1289.3052978515625,
            920.63037109375
        ],
        [
            1847.352783203125,
            919.2952880859375
        ],
        [
            2413.252197265625,
            917.9414672851562
        ]
    ]
}