{
    "marker_0": [
        {
            "type": "circle",
            "relative_position": {
                "x": -0.2833333333333333,
                "y": -0.03333333333333333
            },
            "relative_size": {
                "radius": 0.5555555555555556,
                "thickness": 0.05555555555555555
            },
            "color": "#ff6080",
            "fill": false
        },
        {
            "type": "circle",
            "relative_position": {
                "x": 0.21666666666666667,
                "y": -0.03333333333333333
            },
            "relative_size": {
                "radius": 0.5555555555555556,
                "thickness": 0.05555555555555555
            },
            "color": "#ff0000",
            "fill": false
        }
    ]
}