{
    "metadata": {
        "grid_size": 700,
        "projector_width": 3840,
        "projector_height": 2160,
        "screen_width_mm": 590.0,
        "screen_height_mm": 590.0,
        "source_pose_method": "aruco_screen_corners_solvepnp_centers"
    },
    "screen_pose": {
        "rvec_screen_to_camera": [
            [
                0.45816319723226095
            ],
            [
                0.027238144474530376
            ],
            [
                -0.01196472079392549
            ]
        ],
        "tvec_screen_to_camera": [
            [
                -0.3395405330813262
            ],
            [
                -0.18845837707099383
            ],
            [
                0.7166784759058693
            ]
        ],
        "R_screen_to_camera": [
            [
                0.999565183874396,
                0.01767968543135027,
                0.023598133595549322
            ],
            [
                -0.005417857483731851,
                0.8968037351319876,
                -0.4423954198153522
            ],
            [
                -0.02898430620923784,
                0.44207520782822035,
                0.8965095764224746
            ]
        ],
        "R_screen_to_projector": [
            [
                -0.9949209567369519,
                -0.007361381260401612,
                0.10038974007121956
            ],
            [
                -0.007919532946891374,
                -0.9885062535418214,
                -0.1509724071034682
            ],
            [
                0.10034725130032772,
                -0.15100065157028728,
                0.9834272888128625
            ]
        ],
        "T_screen_to_projector": [
            [
                0.27103679745963405
            ],
            [
                0.4276493997888099
            ],
            [
                2.864703444950761
            ]
        ]
    },
    "homographies": {
        "H_cam_undist_to_proj": [
            [
                -1.1708165157060277,
                -0.5749865566579798,
                2898.264664363137
            ],
            [
                0.026488828440288652,
                -1.913086103085713,
                2388.0682743491097
            ],
            [
                3.2185039083434674e-05,
                -0.00033372427735626115,
                1.0
            ]
        ],
        "H_proj_to_cam_undist": [
            [
                -0.7801535562406342,
                -0.2741646448383024,
                2915.8153751160103
            ],
            [
                0.03520854455169123,
                -0.8835800601036156,
                2008.005828823102
            ],
            [
                3.685921878596424e-05,
                -0.00028604811723506417,
                1.5762746623429613
            ]
        ],
        "H_cam_undist_to_graph": [
            [
                0.5748138167303782,
                -0.1336773338576832,
                -126.44656164811472
            ],
            [
                0.009642738124858998,
                0.5746110533154308,
                -103.98847152953526
            ],
            [
                2.1572137769070857e-05,
                -0.000310669053567769,
                1.0
            ]
        ],
        "H_graph_to_cam_undist": [
            [
                1.7201862336473286,
                0.5486285649093949,
                274.5626805414956
            ],
            [
                -0.03770224760665545,
                1.8319560169754228,
                185.7349865383421
            ],
            [
                -4.88210160020366e-05,
                0.0005572969509852612,
                1.0517792085114024
            ]
        ],
        "H_graph_to_proj": [
            [
                -2.136764030640578,
                -0.080609700965852,
                2623.6667186342193
            ],
            [
                0.0011069591463042099,
                -2.1622524143455997,
                2166.6308852470447
            ],
            [
                1.915160477581571e-05,
                -3.6463506501212946e-05,
                1.0
            ]
        ],
        "H_proj_to_graph": [
            [
                -0.4508893052033217,
                -0.0032591708375901748,
                1190.0446840470815
            ],
            [
                0.008741291849667992,
                -0.47334709471754505,
                1002.6341983531491
            ],
            [
                8.953991923085533e-06,
                -1.7197476513785077e-05,
                1.0
            ]
        ]
    },
    "reference_points": {
        "corner_tag_ids": {
            "TL": 42,
            "TR": 43,
            "BR": 40,
            "BL": 41
        },
        "camera_points_raw_TL_TR_BR_BL": [
            [
                206.0,
                105.0
            ],
            [
                1476.32666015625,
                104.83135223388672
            ],
            [
                1288.0,
                954.0
            ],
            [
                486.0,
                949.0
            ]
        ],
        "camera_points_undist_TL_TR_BR_BL": [
            [
                261.0459289550781,
                176.5912322998047
            ],
            [
                1451.3516845703125,
                156.61631774902344
            ],
            [
                1322.0999755859375,
                1023.2478637695312
            ],
            [
                456.56036376953125,
                1017.30517578125
            ]
        ],
        "screen_points_mm_TL_TR_BR_BL": [
            [
                0.0,
                0.0
            ],
            [
                590.0,
                0.0
            ],
            [
                590.0,
                590.0
            ],
            [
                0.0,
                590.0
            ]
        ],
        "graph_points_TL_TR_BR_BL": [
            [
                0.0,
                0.0
            ],
            [
                699.0,
                0.0
            ],
            [
                699.0,
                699.0
            ],
            [
                0.0,
                699.0
            ]
        ]
    }
}