{
    "metadata": {
        "grid_size": 700,
        "projector_width": 3840,
        "projector_height": 2160,
        "screen_width_mm": 600.0,
        "screen_height_mm": 600.0,
        "source_pose_method": "aruco_screen_reference_points_solvepnp_best_frame"
    },
    "screen_pose": {
        "rvec_screen_to_camera": [
            [
                0.43203814640962035
            ],
            [
                0.030449623178287026
            ],
            [
                -0.016327780829660327
            ]
        ],
        "tvec_screen_to_camera": [
            [
                -0.3455911901615437
            ],
            [
                -0.19395393190997506
            ],
            [
                0.7052974760559334
            ]
        ],
        "R_screen_to_camera": [
            [
                0.9994123975191458,
                0.02229673641853453,
                0.02603296429750553
            ],
            [
                -0.009345990072124263,
                0.9079921631569681,
                -0.41888290024194297
            ],
            [
                -0.03297744918280606,
                0.418393459784701,
                0.9076670097865093
            ]
        ],
        "R_screen_to_projector": [
            [
                -0.9950516801783218,
                -0.01519031270968769,
                0.09819067254113643
            ],
            [
                -0.0024108332178383617,
                -0.9842620589987282,
                -0.17669857695742697
            ],
            [
                0.09932946016914897,
                -0.17606093722165045,
                0.9793549942319888
            ]
        ],
        "T_screen_to_projector": [
            [
                0.2759758323032032
            ],
            [
                0.43884032015763397
            ],
            [
                2.857869122176153
            ]
        ]
    },
    "homographies": {
        "H_cam_undist_to_proj": [
            [
                -1.161719850155111,
                -0.5564901498940906,
                2888.967267226843
            ],
            [
                0.030753255839117324,
                -1.8658707876394578,
                2393.6825203788335
            ],
            [
                3.332915479592347e-05,
                -0.0003209272116935592,
                1.0
            ]
        ],
        "H_proj_to_cam_undist": [
            [
                -0.784583464538039,
                -0.2649351884561725,
                2900.806677098639
            ],
            [
                0.03504241831160205,
                -0.8991851922516667,
                2051.1274778096063
            ],
            [
                3.7395569339652e-05,
                -0.0002797429306385214,
                1.5615811875074106
            ]
        ],
        "H_cam_undist_to_graph": [
            [
                0.5746736664576076,
                -0.12916124477469162,
                -127.67301222596987
            ],
            [
                0.009978735947544696,
                0.5763283072618013,
                -104.73923724722545
            ],
            [
                1.6176879468486852e-05,
                -0.0003018930048722471,
                1.0
            ]
        ],
        "H_graph_to_cam_undist": [
            [
                1.7231488154599761,
                0.5305232271625645,
                275.5661979383305
            ],
            [
                -0.03692705337217216,
                1.8244759992739483,
                186.3796364031684
            ],
            [
                -3.902318979756482e-05,
                0.0005422143314370664,
                1.0518089073111117
            ]
        ],
        "H_graph_to_proj": [
            [
                -2.0915374401823694,
                -0.06510607095789142,
                2611.7131440876187
            ],
            [
                0.028450875676696345,
                -2.0875709422668636,
                2175.845515873202
            ],
            [
                3.0223167007937805e-05,
                -2.5597593520009225e-05,
                1.0
            ]
        ],
        "H_proj_to_graph": [
            [
                -0.4651636775028768,
                -0.0004000609996175942,
                1215.744561618491
            ],
            [
                0.008541515514821164,
                -0.4968931759097944,
                1058.8548003308333
            ],
            [
                1.427736175338921e-05,
                -1.270717842940055e-05,
                1.0
            ]
        ]
    },
    "reference_points": {
        "corner_tag_ids": {
            "TL": 42,
            "TR": 43,
            "BR": 40,
            "BL": 41
        },
        "camera_points_raw_TL_TR_BR_BL": [
            [
                207.2294464111328,
                105.89735412597656
            ],
            [
                1469.34765625,
                105.39855194091797
            ],
            [
                1284.96826171875,
                954.0772094726562
            ],
            [
                481.6998291015625,
                952.0821533203125
            ]
        ],
        "camera_points_undist_TL_TR_BR_BL": [
            [
                261.9926452636719,
                177.1991424560547
            ],
            [
                1444.6085205078125,
                156.7229461669922
            ],
            [
                1318.7252197265625,
                1023.0394897460938
            ],
            [
                451.77130126953125,
                1021.5762329101562
            ]
        ],
        "screen_points_mm_TL_TR_BR_BL": [
            [
                10.0,
                10.0
            ],
            [
                590.0,
                10.0
            ],
            [
                580.0,
                580.0
            ],
            [
                10.0,
                580.0
            ]
        ],
        "graph_points_TL_TR_BR_BL": [
            [
                0.0,
                0.0
            ],
            [
                699.0,
                0.0
            ],
            [
                699.0,
                699.0
            ],
            [
                0.0,
                699.0
            ]
        ]
    }
}