{
    "metadata": {
        "grid_size": 700,
        "projector_width": 3840,
        "projector_height": 2160,
        "screen_width_mm": 600.0,
        "screen_height_mm": 600.0,
        "source_pose_method": "aruco_screen_reference_points_solvepnp_best_frame"
    },
    "screen_pose": {
        "rvec_screen_to_camera": [
            [
                0.4338183434497167
            ],
            [
                0.03648482824569835
            ],
            [
                -0.015960604100591656
            ]
        ],
        "tvec_screen_to_camera": [
            [
                -0.34538360577833627
            ],
            [
                -0.19450448878125903
            ],
            [
                0.7064192591855006
            ]
        ],
        "R_screen_to_camera": [
            [
                0.9992195198011165,
                0.023250049867279632,
                0.0319340950959209
            ],
            [
                -0.007671005953466812,
                0.9072542826423687,
                -0.4205125709116703
            ],
            [
                -0.03874928278159721,
                0.41993940254309275,
                0.9067245399103644
            ]
        ],
        "R_screen_to_projector": [
            [
                -0.9956038425647683,
                -0.01592388794936838,
                0.09230069589577405
            ],
            [
                -0.00047603233325942346,
                -0.9845693021477976,
                -0.1749944646593611
            ],
            [
                0.09366302399285373,
                -0.17426909955805328,
                0.9802334002041242
            ]
        ],
        "T_screen_to_projector": [
            [
                0.2759246342999826
            ],
            [
                0.4386437945224826
            ],
            [
                2.859119465318513
            ]
        ]
    },
    "homographies": {
        "H_cam_undist_to_proj": [
            [
                -1.1595999385361986,
                -0.5592256946503603,
                2891.7303834266695
            ],
            [
                0.04091130680110582,
                -1.8733616182953214,
                2392.0140088667263
            ],
            [
                3.645393413002116e-05,
                -0.00032274675559356667,
                1.0
            ]
        ],
        "H_proj_to_cam_undist": [
            [
                -0.7808009135141052,
                -0.26519792747941484,
                2892.2228826692203
            ],
            [
                0.032815223299151146,
                -0.8968335206287572,
                2050.345566712167
            ],
            [
                3.905427192378299e-05,
                -0.00027978260131073467,
                1.556309477047841
            ]
        ],
        "H_cam_undist_to_graph": [
            [
                0.5785170120892145,
                -0.1304562041894858,
                -129.3378441332569
            ],
            [
                0.010288824739095051,
                0.578789137082087,
                -105.20658562514718
            ],
            [
                2.11497189931142e-05,
                -0.00030409797027751163,
                1.0
            ]
        ],
        "H_graph_to_cam_undist": [
            [
                1.7089979440299141,
                0.5306670320170476,
                276.86777625134175
            ],
            [
                -0.03911194118752648,
                1.8166907354975221,
                186.06917526547025
            ],
            [
                -4.803868820478279e-05,
                0.0005412285066806857,
                1.0507275828634757
            ]
        ],
        "H_graph_to_proj": [
            [
                -2.097187312947446,
                -0.06616391284743471,
                2611.306752749204
            ],
            [
                0.028257252273035684,
                -2.0853821726163075,
                2174.438865704973
            ],
            [
                2.6863650459192385e-05,
                -2.5737884925908804e-05,
                1.0
            ]
        ],
        "H_proj_to_graph": [
            [
                -0.46383416747030737,
                -0.00023897750393425733,
                1211.7329356436026
            ],
            [
                0.006892342823928271,
                -0.4953564905117285,
                1059.1243839895328
            ],
            [
                1.2637673272425019e-05,
                -1.2743008541959603e-05,
                1.0
            ]
        ]
    },
    "reference_points": {
        "corner_tag_ids": {
            "TL": 42,
            "TR": 43,
            "BR": 40,
            "BL": 41
        },
        "camera_points_raw_TL_TR_BR_BL": [
            [
                209.0,
                106.0
            ],
            [
                1471.504150390625,
                104.48147583007812
            ],
            [
                1286.310791015625,
                954.5000610351562
            ],
            [
                483.0,
                950.0
            ]
        ],
        "camera_points_undist_TL_TR_BR_BL": [
            [
                263.5010070800781,
                177.08602905273438
            ],
            [
                1446.6494140625,
                156.0538330078125
            ],
            [
                1320.27001953125,
                1023.7407836914062
            ],
            [
                453.3121337890625,
                1018.8165283203125
            ]
        ],
        "screen_points_mm_TL_TR_BR_BL": [
            [
                10.0,
                10.0
            ],
            [
                590.0,
                10.0
            ],
            [
                580.0,
                580.0
            ],
            [
                10.0,
                580.0
            ]
        ],
        "graph_points_TL_TR_BR_BL": [
            [
                0.0,
                0.0
            ],
            [
                699.0,
                0.0
            ],
            [
                699.0,
                699.0
            ],
            [
                0.0,
                699.0
            ]
        ]
    }
}