{
    "metadata": {
        "grid_size": 700,
        "projector_width": 3840,
        "projector_height": 2160,
        "screen_width_mm": 600.0,
        "screen_height_mm": 600.0,
        "source_pose_method": "aruco_screen_reference_points_solvepnp_best_frame"
    },
    "screen_pose": {
        "rvec_screen_to_camera": [
            [
                0.43316574018645226
            ],
            [
                0.03729151972024164
            ],
            [
                -0.016425205971385387
            ]
        ],
        "tvec_screen_to_camera": [
            [
                -0.34540590802050836
            ],
            [
                -0.19422189305899243
            ],
            [
                0.7055596253132638
            ]
        ],
        "R_screen_to_camera": [
            [
                0.9991827915017374,
                0.02386199262974972,
                0.032624445965154805
            ],
            [
                -0.007961792119812083,
                0.907521532353784,
                -0.4199300872532005
            ],
            [
                -0.03962775584153655,
                0.4193271677604225,
                0.9069698822700708
            ]
        ],
        "R_screen_to_projector": [
            [
                -0.9956556689973336,
                -0.016614044702519145,
                0.09161747820200429
            ],
            [
                0.00026596366527397374,
                -0.9844558086402089,
                -0.17563225813580274
            ],
            [
                0.09311132077680345,
                -0.17484488655140937,
                0.980183425482202
            ]
        ],
        "T_screen_to_projector": [
            [
                0.27583451151841265
            ],
            [
                0.4389046143554095
            ],
            [
                2.8582573870009913
            ]
        ]
    },
    "homographies": {
        "H_cam_undist_to_proj": [
            [
                -1.1580806084955915,
                -0.5587894020747329,
                2890.451556155578
            ],
            [
                0.04213295972612921,
                -1.8718602420270403,
                2392.7862304707064
            ],
            [
                3.6803898647851e-05,
                -0.0003225006896942904,
                1.0
            ]
        ],
        "H_proj_to_cam_undist": [
            [
                -0.7812203225911069,
                -0.26513227290696284,
                2892.4843489990094
            ],
            [
                0.032614654049728284,
                -0.8978691823715839,
                2054.1379387912043
            ],
            [
                3.927020199946261e-05,
                -0.0002798055292697422,
                1.5560062011663167
            ]
        ],
        "H_cam_undist_to_graph": [
            [
                0.5780792845848614,
                -0.13070987502319678,
                -128.66628009256755
            ],
            [
                0.010585289890587938,
                0.5779309744879358,
                -105.18836058123526
            ],
            [
                2.161545274026344e-05,
                -0.00030389991193591225,
                1.0
            ]
        ],
        "H_graph_to_cam_undist": [
            [
                1.7098108918636739,
                0.531803384709008,
                275.9345333069467
            ],
            [
                -0.040270825683656704,
                1.8190963332282777,
                186.16626369464663
            ],
            [
                -4.919663690671668e-05,
                0.0005413280445417248,
                1.050611461278138
            ]
        ],
        "H_graph_to_proj": [
            [
                -2.09826850718339,
                -0.06763120333699976,
                2611.2579014466805
            ],
            [
                0.02968210168510236,
                -2.0858864612228967,
                2175.453228977688
            ],
            [
                2.6698997261194066e-05,
                -2.5740595900727862e-05,
                1.0
            ]
        ],
        "H_proj_to_graph": [
            [
                -0.4635765027043092,
                9.497418424524157e-05,
                1210.31119371586
            ],
            [
                0.006485931081231874,
                -0.49511455477999655,
                1060.1621181258884
            ],
            [
                1.2543979507058235e-05,
                -1.2747079394645726e-05,
                1.0
            ]
        ]
    },
    "reference_points": {
        "corner_tag_ids": {
            "TL": 42,
            "TR": 43,
            "BR": 40,
            "BL": 41
        },
        "camera_points_raw_TL_TR_BR_BL": [
            [
                208.0,
                106.0
            ],
            [
                1472.5345458984375,
                103.76261138916016
            ],
            [
                1287.2216796875,
                955.421875
            ],
            [
                483.0,
                951.0
            ]
        ],
        "camera_points_undist_TL_TR_BR_BL": [
            [
                262.641845703125,
                177.19801330566406
            ],
            [
                1447.6077880859375,
                155.49436950683594
            ],
            [
                1321.38818359375,
                1025.0635986328125
            ],
            [
                453.22967529296875,
                1020.0943603515625
            ]
        ],
        "screen_points_mm_TL_TR_BR_BL": [
            [
                10.0,
                10.0
            ],
            [
                590.0,
                10.0
            ],
            [
                580.0,
                580.0
            ],
            [
                10.0,
                580.0
            ]
        ],
        "graph_points_TL_TR_BR_BL": [
            [
                0.0,
                0.0
            ],
            [
                699.0,
                0.0
            ],
            [
                699.0,
                699.0
            ],
            [
                0.0,
                699.0
            ]
        ]
    }
}