{
    "metadata": {
        "grid_size": 700,
        "projector_width": 3840,
        "projector_height": 2160,
        "screen_width_mm": 590.0,
        "screen_height_mm": 590.0,
        "source_pose_method": "aruco_screen_corners_solvepnp_centers"
    },
    "screen_pose": {
        "rvec_screen_to_camera": [
            [
                0.4542938374701042
            ],
            [
                0.01895347884874126
            ],
            [
                -0.011782795605136944
            ]
        ],
        "tvec_screen_to_camera": [
            [
                -0.3384127415038265
            ],
            [
                -0.1885398672316427
            ],
            [
                0.716034172756046
            ]
        ],
        "R_screen_to_camera": [
            [
                0.9997552295570531,
                0.015612216653500287,
                0.01567608575149579
            ],
            [
                -0.007149192929705512,
                0.8985071317645218,
                -0.4389006985740011
            ],
            [
                -0.0209372876413811,
                0.43868119729418137,
                0.898398818524805
            ]
        ],
        "R_screen_to_projector": [
            [
                -0.9941004402317825,
                -0.005779941571601064,
                0.10830931172528652
            ],
            [
                -0.011109725076345986,
                -0.987900845086412,
                -0.15468837799356844
            ],
            [
                0.10789295037074675,
                -0.15497907133862313,
                0.9820084514439338
            ]
        ],
        "T_screen_to_projector": [
            [
                0.26984699409773893
            ],
            [
                0.42805215290578874
            ],
            [
                2.864363093772974
            ]
        ]
    },
    "homographies": {
        "H_cam_undist_to_proj": [
            [
                -1.1752051145712392,
                -0.5704715246612972,
                2896.583592774868
            ],
            [
                0.012968268942641465,
                -1.9017759999772719,
                2389.083391736456
            ],
            [
                2.805791636473323e-05,
                -0.0003305694867733054,
                1.0
            ]
        ],
        "H_proj_to_cam_undist": [
            [
                -0.7841323219498298,
                -0.27292627111504764,
                2923.348439813859
            ],
            [
                0.03812318875960531,
                -0.885996862026047,
                2006.2933851317132
            ],
            [
                3.4603482050576967e-05,
                -0.00028522578547402486,
                1.5811963086103973
            ]
        ],
        "H_cam_undist_to_graph": [
            [
                0.5723976182341323,
                -0.12997379273730458,
                -127.48073841168546
            ],
            [
                0.009566509159229781,
                0.5750901082374469,
                -103.93979811874108
            ],
            [
                1.6831944530990478e-05,
                -0.0003054003016991793,
                1.0
            ]
        ],
        "H_graph_to_cam_undist": [
            [
                1.7299209417648658,
                0.5377684550501487,
                276.42714370256317
            ],
            [
                -0.036028213276717014,
                1.8292451304638613,
                185.53846633793435
            ],
            [
                -4.012096053917678e-05,
                0.0005496003259194974,
                1.0520106972467465
            ]
        ],
        "H_graph_to_proj": [
            [
                -2.1320127851025017,
                -0.08368832429218587,
                2620.639646646092
            ],
            [
                -0.004908338969667836,
                -2.1621870244002555,
                2167.4692133653575
            ],
            [
                2.035874034250222e-05,
                -4.006640729140505e-05,
                1.0
            ]
        ],
        "H_proj_to_graph": [
            [
                -0.45024178767023687,
                -0.004623441871275168,
                1189.942647261208
            ],
            [
                0.0106381060534872,
                -0.474110706927244,
                999.7417185026928
            ],
            [
                9.592586336470552e-06,
                -1.8901785232416992e-05,
                1.0
            ]
        ]
    },
    "reference_points": {
        "corner_tag_ids": {
            "TL": 42,
            "TR": 43,
            "BR": 40,
            "BL": 41
        },
        "camera_points_raw_TL_TR_BR_BL": [
            [
                208.0,
                105.0
            ],
            [
                1475.8297119140625,
                104.84608459472656
            ],
            [
                1288.0,
                953.0
            ],
            [
                483.8970642089844,
                950.5856323242188
            ]
        ],
        "camera_points_undist_TL_TR_BR_BL": [
            [
                262.7607727050781,
                176.36557006835938
            ],
            [
                1450.8701171875,
                156.6016082763672
            ],
            [
                1321.989501953125,
                1021.9157104492188
            ],
            [
                454.2095642089844,
                1019.4957885742188
            ]
        ],
        "screen_points_mm_TL_TR_BR_BL": [
            [
                0.0,
                0.0
            ],
            [
                590.0,
                0.0
            ],
            [
                590.0,
                590.0
            ],
            [
                0.0,
                590.0
            ]
        ],
        "graph_points_TL_TR_BR_BL": [
            [
                0.0,
                0.0
            ],
            [
                699.0,
                0.0
            ],
            [
                699.0,
                699.0
            ],
            [
                0.0,
                699.0
            ]
        ]
    }
}