{
    "metadata": {
        "grid_size": 700,
        "projector_width": 3840,
        "projector_height": 2160,
        "screen_width_mm": 600.0,
        "screen_height_mm": 600.0,
        "source_pose_method": "aruco_screen_reference_points_solvepnp_best_frame"
    },
    "screen_pose": {
        "rvec_screen_to_camera": [
            [
                0.43380859089835955
            ],
            [
                0.03659213079268785
            ],
            [
                -0.015861849378901928
            ]
        ],
        "tvec_screen_to_camera": [
            [
                -0.345417145763524
            ],
            [
                -0.1945157137923885
            ],
            [
                0.7064958326508091
            ]
        ],
        "R_screen_to_camera": [
            [
                0.9992172071134772,
                0.02317713503448662,
                0.032059217394309295
            ],
            [
                -0.007552619210950942,
                0.9072599643826154,
                -0.4205024553691808
            ],
            [
                -0.03883208662172026,
                0.4199311579771721,
                0.906724815811586
            ]
        ],
        "R_screen_to_projector": [
            [
                -0.9956165197302829,
                -0.01585275039707575,
                0.09217611374432774
            ],
            [
                -0.0005256295486291526,
                -0.9845671311763108,
                -0.1750065367945632
            ],
            [
                0.09352790681789495,
                -0.1742878495825147,
                0.9802429679085515
            ]
        ],
        "T_screen_to_projector": [
            [
                0.2759672770595535
            ],
            [
                0.4386101577570803
            ],
            [
                2.859183998954239
            ]
        ]
    },
    "homographies": {
        "H_cam_undist_to_proj": [
            [
                -1.1596198056474734,
                -0.5592582574200495,
                2891.8710284968497
            ],
            [
                0.041125698345879355,
                -1.8734902116320964,
                2391.9290801479374
            ],
            [
                3.652120458571743e-05,
                -0.0003227627407039501,
                1.0
            ]
        ],
        "H_proj_to_cam_undist": [
            [
                -0.7806783237657879,
                -0.26516979690410947,
                2891.8883754656276
            ],
            [
                0.03276646025780807,
                -0.8967524349230388,
                2050.2118496599387
            ],
            [
                3.908710529386248e-05,
                -0.00027975395322601254,
                1.5561167486205185
            ]
        ],
        "H_cam_undist_to_graph": [
            [
                0.5785702901598001,
                -0.13046821845131362,
                -129.3497554005927
            ],
            [
                0.010227238724696493,
                0.5786975959211632,
                -105.1741469876485
            ],
            [
                2.118849640992351e-05,
                -0.00030423983578406125,
                1.0
            ]
        ],
        "H_graph_to_cam_undist": [
            [
                1.708875478350478,
                0.5308289983206114,
                276.8721122293834
            ],
            [
                -0.03893414658425218,
                1.8170645265349963,
                186.0720892624298
            ],
            [
                -4.8053820301220886e-05,
                0.0005415759448368508,
                1.0507440381252187
            ]
        ],
        "H_graph_to_proj": [
            [
                -2.097162256347421,
                -0.06554802909251584,
                2611.4020295782007
            ],
            [
                0.028257543188452885,
                -2.085345275131945,
                2174.35109687049
            ],
            [
                2.6901378973358397e-05,
                -2.5497904615323496e-05,
                1.0
            ]
        ],
        "H_proj_to_graph": [
            [
                -0.4639611009705247,
                -0.00023707724013586964,
                1212.1044498768968
            ],
            [
                0.006910719209216279,
                -0.49539051278683044,
                1059.106238688487
            ],
            [
                1.2657402265324564e-05,
                -1.2625042337691946e-05,
                1.0
            ]
        ]
    },
    "reference_points": {
        "corner_tag_ids": {
            "TL": 42,
            "TR": 43,
            "BR": 40,
            "BL": 41
        },
        "camera_points_raw_TL_TR_BR_BL": [
            [
                209.0,
                106.0
            ],
            [
                1471.4041748046875,
                104.6328125
            ],
            [
                1286.1119384765625,
                954.5872802734375
            ],
            [
                483.0,
                950.0
            ]
        ],
        "camera_points_undist_TL_TR_BR_BL": [
            [
                263.5010070800781,
                177.08602905273438
            ],
            [
                1446.5611572265625,
                156.177978515625
            ],
            [
                1320.0576171875,
                1023.836669921875
            ],
            [
                453.3121337890625,
                1018.8165283203125
            ]
        ],
        "screen_points_mm_TL_TR_BR_BL": [
            [
                10.0,
                10.0
            ],
            [
                590.0,
                10.0
            ],
            [
                580.0,
                580.0
            ],
            [
                10.0,
                580.0
            ]
        ],
        "graph_points_TL_TR_BR_BL": [
            [
                0.0,
                0.0
            ],
            [
                699.0,
                0.0
            ],
            [
                699.0,
                699.0
            ],
            [
                0.0,
                699.0
            ]
        ]
    }
}