{
    "metadata": {
        "grid_size": 700,
        "projector_width": 3840,
        "projector_height": 2160,
        "screen_width_mm": 590.0,
        "screen_height_mm": 590.0,
        "source_pose_method": "manual_screen_corners_solvepnp"
    },
    "screen_pose": {
        "rvec_screen_to_camera": [
            [
                0.4602565888015343
            ],
            [
                0.023556868149965424
            ],
            [
                -0.013045549190169953
            ]
        ],
        "tvec_screen_to_camera": [
            [
                -0.33746155088776925
            ],
            [
                -0.18576276210709308
            ],
            [
                0.7065916049608114
            ]
        ],
        "R_screen_to_camera": [
            [
                0.9996438205900594,
                0.017914026633052423,
                0.019781799865015503
            ],
            [
                -0.007262519933039608,
                0.8958612695737965,
                -0.4442745114024073
            ],
            [
                -0.025680493771176618,
                0.4439726042532533,
                0.8956722832109146
            ]
        ],
        "R_screen_to_projector": [
            [
                -0.9945329591997358,
                -0.0073316006759090325,
                0.1041654486715515
            ],
            [
                -0.008299960356638875,
                -0.9888260588797679,
                -0.14884265496954804
            ],
            [
                0.10409276499111188,
                -0.14889349519651532,
                0.9833592544765469
            ]
        ],
        "T_screen_to_projector": [
            [
                0.2676850729539244
            ],
            [
                0.43115053237284445
            ],
            [
                2.855224970077459
            ]
        ]
    },
    "homographies": {
        "H_cam_undist_to_proj": [
            [
                -1.1597308577792227,
                -0.5738774406811242,
                2880.770352939893
            ],
            [
                0.02022705800874897,
                -1.904057961430772,
                2398.6322383285883
            ],
            [
                3.000559905555703e-05,
                -0.00033384875151474635,
                1.0
            ]
        ],
        "H_proj_to_cam_undist": [
            [
                -0.7909130443307865,
                -0.2780504347994593,
                2945.37958665283
            ],
            [
                0.03709498351833686,
                -0.8933492357966578,
                2035.954148305652
            ],
            [
                3.611593363105643e-05,
                -0.000289900457173551,
                1.5913228716095835
            ]
        ],
        "H_cam_undist_to_graph": [
            [
                0.5680972200581903,
                -0.13315911231595623,
                -121.60279393713971
            ],
            [
                0.011345797908791084,
                0.5677521757387363,
                -104.02438775606092
            ],
            [
                2.285861662960367e-05,
                -0.0003127576076705762,
                1.0
            ]
        ],
        "H_graph_to_cam_undist": [
            [
                1.7383249081482708,
                0.5560094306234743,
                269.22370620855446
            ],
            [
                -0.044572820935817756,
                1.8541416221761526,
                187.45576750044862
            ],
            [
                -5.367619149606768e-05,
                0.0005671872916171887,
                1.0524741358996696
            ]
        ],
        "H_graph_to_proj": [
            [
                -2.149400732156719,
                -0.07508739978908838,
                2617.4447671960825
            ],
            [
                -0.00873674141845087,
                -2.163062937799913,
                2177.436499120988
            ],
            [
                1.3391046736970867e-05,
                -3.5203624472373824e-05,
                1.0
            ]
        ],
        "H_proj_to_graph": [
            [
                -0.44882210784707616,
                -0.003669066307158877,
                1182.7562364811479
            ],
            [
                0.00815183624827681,
                -0.4699125607793923,
                1001.8677801053672
            ],
            [
                6.297172004810595e-06,
                -1.6493492686129056e-05,
                1.0
            ]
        ]
    },
    "reference_points": {
        "camera_points_raw_TL_TR_BR_BL": [
            [
                200.0,
                106.0
            ],
            [
                1488.0,
                101.0
            ],
            [
                1292.0,
                958.0
            ],
            [
                484.0,
                954.0
            ]
        ],
        "camera_points_undist_TL_TR_BR_BL": [
            [
                255.80078125,
                178.109619140625
            ],
            [
                1462.4427490234375,
                153.99642944335938
            ],
            [
                1327.0079345703125,
                1028.996337890625
            ],
            [
                454.0389404296875,
                1023.8538208007812
            ]
        ],
        "screen_points_mm_TL_TR_BR_BL": [
            [
                0.0,
                0.0
            ],
            [
                590.0,
                0.0
            ],
            [
                590.0,
                590.0
            ],
            [
                0.0,
                590.0
            ]
        ],
        "graph_points_TL_TR_BR_BL": [
            [
                0.0,
                0.0
            ],
            [
                699.0,
                0.0
            ],
            [
                699.0,
                699.0
            ],
            [
                0.0,
                699.0
            ]
        ]
    }
}