{
    "metadata": {
        "grid_size": 700,
        "projector_width": 3840,
        "projector_height": 2160,
        "screen_width_mm": 590.0,
        "screen_height_mm": 590.0,
        "source_pose_method": "manual_screen_corners_solvepnp"
    },
    "screen_pose": {
        "rvec_screen_to_camera": [
            [
                -2.5248920762975002
            ],
            [
                0.019895476589804152
            ],
            [
                0.0413925741917164
            ]
        ],
        "tvec_screen_to_camera": [
            [
                -0.2678437200632193
            ],
            [
                0.3149759129663689
            ],
            [
                0.9602527442564045
            ]
        ],
        "R_screen_to_camera": [
            [
                0.9993993700451543,
                -0.02377926574706056,
                -0.02520804779985135
            ],
            [
                -0.004830973945199773,
                -0.8159198538125804,
                0.5781448381203437
            ],
            [
                -0.034315606421710214,
                -0.5776758075901988,
                -0.8155446649208872
            ]
        ],
        "R_screen_to_projector": [
            [
                -0.9962390479369165,
                -0.00684017654415828,
                0.08637691445398375
            ],
            [
                -0.000664147241047078,
                0.997452684593764,
                0.07132812141880303
            ],
            [
                -0.08664478215211979,
                0.0710024927839721,
                -0.9937058557461934
            ]
        ],
        "T_screen_to_projector": [
            [
                0.2758560462182154
            ],
            [
                -0.27909469080488714
            ],
            [
                1.9270503182036252
            ]
        ]
    },
    "homographies": {
        "H_cam_undist_to_proj": [
            [
                -1.5687829205151942,
                -0.7401361391735563,
                3379.1228931196256
            ],
            [
                -0.004782803174602812,
                -2.4890816870131993,
                2455.510994601965
            ],
            [
                -1.1738811990724793e-06,
                -0.000416601865317941,
                1.0
            ]
        ],
        "H_proj_to_cam_undist": [
            [
                -0.3758017565717749,
                -0.1711262037105175,
                1690.082593581925
            ],
            [
                0.00048710183387116183,
                -0.4011023706848421,
                983.265304219428
            ],
            [
                -2.3821908402750338e-07,
                -0.00016730087764395786,
                1.0
            ]
        ],
        "H_cam_undist_to_graph": [
            [
                0.5326734955259245,
                -0.1480288979192103,
                -169.29631329775944
            ],
            [
                0.0040619684842824605,
                -0.7971409073959155,
                777.8782384656123
            ],
            [
                1.5534651710560657e-05,
                -0.0004060416837422627,
                1.0
            ]
        ],
        "H_graph_to_cam_undist": [
            [
                1.1350787928083854,
                -0.511233071257196,
                589.8417358398436
            ],
            [
                -0.018919395857802206,
                -1.262464840626561,
                978.8409423828125
            ],
            [
                -2.5315117059810312e-05,
                -0.0005046715218485155,
                1.0
            ]
        ],
        "H_graph_to_proj": [
            [
                -3.1313061318769777,
                0.052512911359624,
                2923.5052818704166
            ],
            [
                -0.03465387985844185,
                3.221522063985586,
                27.51355163574827
            ],
            [
                -3.172452159496455e-05,
                3.697895104469334e-05,
                1.0
            ]
        ],
        "H_proj_to_graph": [
            [
                -0.3193122968260313,
                -0.0055122560266089,
                933.6628480778944
            ],
            [
                -0.0033493809424526466,
                0.30127246043366535,
                1.5028574796858456
            ],
            [
                -1.0006173262294176e-05,
                -1.1315613250843952e-05,
                1.0
            ]
        ]
    },
    "reference_points": {
        "camera_points_raw_TL_TR_BR_BL": [
            [
                595.0,
                963.0
            ],
            [
                1399.0,
                963.0
            ],
            [
                1635.0,
                112.0
            ],
            [
                347.0,
                128.0
            ]
        ],
        "camera_points_undist_TL_TR_BR_BL": [
            [
                589.8417358398438,
                978.8409423828125
            ],
            [
                1408.179931640625,
                983.0109252929688
            ],
            [
                1629.6199951171875,
                132.08604431152344
            ],
            [
                359.2048645019531,
                148.9073944091797
            ]
        ],
        "screen_points_mm_TL_TR_BR_BL": [
            [
                0.0,
                0.0
            ],
            [
                590.0,
                0.0
            ],
            [
                590.0,
                590.0
            ],
            [
                0.0,
                590.0
            ]
        ],
        "graph_points_TL_TR_BR_BL": [
            [
                0.0,
                0.0
            ],
            [
                699.0,
                0.0
            ],
            [
                699.0,
                699.0
            ],
            [
                0.0,
                699.0
            ]
        ]
    }
}