{
    "method": "aruco_screen_reference_points_solvepnp_best_frame",
    "screen_width_mm": 600.0,
    "screen_height_mm": 600.0,
    "corner_tag_ids": {
        "TL": 42,
        "TR": 43,
        "BR": 40,
        "BL": 41
    },
    "camera_points_raw_TL_TR_BR_BL": [
        [
            209.0,
            106.0
        ],
        [
            1471.4041748046875,
            104.6328125
        ],
        [
            1286.1119384765625,
            954.5872802734375
        ],
        [
            483.0,
            950.0
        ]
    ],
    "camera_points_undist_TL_TR_BR_BL": [
        [
            263.5010070800781,
            177.08602905273438
        ],
        [
            1446.5611572265625,
            156.177978515625
        ],
        [
            1320.0576171875,
            1023.836669921875
        ],
        [
            453.3121337890625,
            1018.8165283203125
        ]
    ],
    "screen_points_mm_TL_TR_BR_BL": [
        [
            10.0,
            10.0
        ],
        [
            590.0,
            10.0
        ],
        [
            580.0,
            580.0
        ],
        [
            10.0,
            580.0
        ]
    ],
    "graph_points_TL_TR_BR_BL": [
        [
            0.0,
            0.0
        ],
        [
            699.0,
            0.0
        ],
        [
            699.0,
            699.0
        ],
        [
            0.0,
            699.0
        ]
    ],
    "camera_matrix": [
        [
            1430.6265293883666,
            0.0,
            938.2984757811902
        ],
        [
            0.0,
            1379.6179917001643,
            537.0821818437618
        ],
        [
            0.0,
            0.0,
            1.0
        ]
    ],
    "camera_dist_coeffs": [
        [
            0.20034594267997297,
            -1.7581880265797665,
            -0.10987285410114561,
            -0.010253495801824813,
            3.955349336641014
        ]
    ],
    "projector_matrix": [
        [
            7437.150386633464,
            0.0,
            1920.0
        ],
        [
            0.0,
            7298.448552487868,
            1080.0
        ],
        [
            0.0,
            0.0,
            1.0
        ]
    ],
    "projector_dist_coeffs": [
        [
            2.8510712684612702,
            -62.032234450201,
            0.0,
            0.0,
            0.0
        ]
    ],
    "R_camera_to_projector": [
        [
            -0.9922494854684625,
            -0.0456233354628411,
            0.11558317286186827
        ],
        [
            -0.028955236047870092,
            -0.819663692055716,
            -0.5721127740498411
        ],
        [
            0.12084102322052549,
            -0.5710253437342667,
            0.8119898422518464
        ]
    ],
    "T_camera_to_projector": [
        [
            -0.1573061937109003
        ],
        [
            0.6733663453091004
        ],
        [
            2.2161837182504844
        ]
    ],
    "solvepnp_method_selected": "ITERATIVE",
    "solvepnp_mean_reprojection_error_px": 0.03071213186890922,
    "solvepnp_per_point_errors_px": [
        0.01489511061851413,
        0.007545822181676745,
        0.047607421875,
        0.052800172800446
    ],
    "rvec_screen_to_camera": [
        [
            0.43380859089835955
        ],
        [
            0.03659213079268785
        ],
        [
            -0.015861849378901928
        ]
    ],
    "tvec_screen_to_camera": [
        [
            -0.345417145763524
        ],
        [
            -0.1945157137923885
        ],
        [
            0.7064958326508091
        ]
    ],
    "R_screen_to_camera": [
        [
            0.9992172071134772,
            0.02317713503448662,
            0.032059217394309295
        ],
        [
            -0.007552619210950942,
            0.9072599643826154,
            -0.4205024553691808
        ],
        [
            -0.03883208662172026,
            0.4199311579771721,
            0.906724815811586
        ]
    ],
    "R_screen_to_projector": [
        [
            -0.9956165197302829,
            -0.01585275039707575,
            0.09217611374432774
        ],
        [
            -0.0005256295486291526,
            -0.9845671311763108,
            -0.1750065367945632
        ],
        [
            0.09352790681789495,
            -0.1742878495825147,
            0.9802429679085515
        ]
    ],
    "T_screen_to_projector": [
        [
            0.2759672770595535
        ],
        [
            0.4386101577570803
        ],
        [
            2.859183998954239
        ]
    ],
    "H_proj": [
        [
            -1.1596198056474734,
            -0.5592582574200495,
            2891.8710284968497
        ],
        [
            0.041125698345879355,
            -1.8734902116320964,
            2391.9290801479374
        ],
        [
            3.652120458571743e-05,
            -0.0003227627407039501,
            1.0
        ]
    ],
    "H_inv_proj": [
        [
            -0.7806783237657879,
            -0.26516979690410947,
            2891.8883754656276
        ],
        [
            0.03276646025780807,
            -0.8967524349230388,
            2050.2118496599387
        ],
        [
            3.908710529386248e-05,
            -0.00027975395322601254,
            1.5561167486205185
        ]
    ],
    "H_graph": [
        [
            0.5785702901598001,
            -0.13046821845131362,
            -129.3497554005927
        ],
        [
            0.010227238724696493,
            0.5786975959211632,
            -105.1741469876485
        ],
        [
            2.118849640992351e-05,
            -0.00030423983578406125,
            1.0
        ]
    ],
    "H_inv_graph": [
        [
            1.708875478350478,
            0.5308289983206114,
            276.8721122293834
        ],
        [
            -0.03893414658425218,
            1.8170645265349963,
            186.0720892624298
        ],
        [
            -4.8053820301220886e-05,
            0.0005415759448368508,
            1.0507440381252187
        ]
    ],
    "H_cam_to_screen_mm": [
        [
            0.48155825808080094,
            -0.11144823625213347,
            -97.61290588371297
        ],
        [
            0.008723600494213765,
            0.47854432926656687,
            -77.49993802562513
        ],
        [
            2.1501943874478677e-05,
            -0.0002904821774578326,
            1.0
        ]
    ],
    "H_screen_mm_to_cam": [
        [
            2.0540531204831964,
            0.6296990031490737,
            249.3037276487243
        ],
        [
            -0.046798497782839364,
            2.178481936088135,
            164.26407767719883
        ],
        [
            -5.776026444954221e-05,
            0.0006192704237239098,
            1.042355272202174
        ]
    ]
}