{
    "method": "manual_screen_corners_solvepnp",
    "screen_width_mm": 590.0,
    "screen_height_mm": 590.0,
    "camera_points_raw_TL_TR_BR_BL": [
        [
            595.0,
            963.0
        ],
        [
            1399.0,
            963.0
        ],
        [
            1635.0,
            112.0
        ],
        [
            347.0,
            128.0
        ]
    ],
    "camera_points_undist_TL_TR_BR_BL": [
        [
            589.8417358398438,
            978.8409423828125
        ],
        [
            1408.179931640625,
            983.0109252929688
        ],
        [
            1629.6199951171875,
            132.08604431152344
        ],
        [
            359.2048645019531,
            148.9073944091797
        ]
    ],
    "screen_points_mm_TL_TR_BR_BL": [
        [
            0.0,
            0.0
        ],
        [
            590.0,
            0.0
        ],
        [
            590.0,
            590.0
        ],
        [
            0.0,
            590.0
        ]
    ],
    "graph_points_TL_TR_BR_BL": [
        [
            0.0,
            0.0
        ],
        [
            699.0,
            0.0
        ],
        [
            699.0,
            699.0
        ],
        [
            0.0,
            699.0
        ]
    ],
    "camera_matrix": [
        [
            1312.1096258302232,
            0.0,
            956.585395314252
        ],
        [
            0.0,
            1388.7947151848557,
            522.9500630536562
        ],
        [
            0.0,
            0.0,
            1.0
        ]
    ],
    "camera_dist_coeffs": [
        [
            0.12469685734788223,
            -0.48304603233974236,
            -0.03493571252930775,
            -0.0013528171997975653,
            0.11312008205142232
        ]
    ],
    "projector_matrix": [
        [
            6994.258345321683,
            0.0,
            1920.0
        ],
        [
            0.0,
            7257.044991112007,
            1080.0
        ],
        [
            0.0,
            0.0,
            1.0
        ]
    ],
    "projector_dist_coeffs": [
        [
            -0.9659574907479923,
            15.087739742547145,
            0.0,
            0.0,
            0.0
        ]
    ],
    "R_camera_to_projector": [
        [
            -0.9976554159350979,
            0.06033220795406895,
            -0.03230628017512563
        ],
        [
            -0.026180483485592553,
            -0.7726002549095903,
            -0.6343527633723185
        ],
        [
            -0.06323174313449971,
            -0.6320196759571834,
            0.7723683550373812
        ]
    ],
    "T_camera_to_projector": [
        [
            0.02065931018621143
        ],
        [
            0.5663824836083781
        ],
        [
            1.367516234842271
        ]
    ],
    "solvepnp_method_selected": "ITERATIVE",
    "solvepnp_mean_reprojection_error_px": 1.5270432191854832,
    "solvepnp_per_point_errors_px": [
        0.7922516502462192,
        2.6002369881849394,
        1.7109152499041127,
        1.0047689884066615
    ],
    "rvec_screen_to_camera": [
        [
            -2.5248920762975002
        ],
        [
            0.019895476589804152
        ],
        [
            0.0413925741917164
        ]
    ],
    "tvec_screen_to_camera": [
        [
            -0.2678437200632193
        ],
        [
            0.3149759129663689
        ],
        [
            0.9602527442564045
        ]
    ],
    "R_screen_to_camera": [
        [
            0.9993993700451543,
            -0.02377926574706056,
            -0.02520804779985135
        ],
        [
            -0.004830973945199773,
            -0.8159198538125804,
            0.5781448381203437
        ],
        [
            -0.034315606421710214,
            -0.5776758075901988,
            -0.8155446649208872
        ]
    ],
    "R_screen_to_projector": [
        [
            -0.9962390479369165,
            -0.00684017654415828,
            0.08637691445398375
        ],
        [
            -0.000664147241047078,
            0.997452684593764,
            0.07132812141880303
        ],
        [
            -0.08664478215211979,
            0.0710024927839721,
            -0.9937058557461934
        ]
    ],
    "T_screen_to_projector": [
        [
            0.2758560462182154
        ],
        [
            -0.27909469080488714
        ],
        [
            1.9270503182036252
        ]
    ],
    "H_proj": [
        [
            -1.5687829205151942,
            -0.7401361391735563,
            3379.1228931196256
        ],
        [
            -0.004782803174602812,
            -2.4890816870131993,
            2455.510994601965
        ],
        [
            -1.1738811990724793e-06,
            -0.000416601865317941,
            1.0
        ]
    ],
    "H_inv_proj": [
        [
            -0.638699477341034,
            -0.2908400904411096,
            2872.4050654558027
        ],
        [
            0.0008278611828307157,
            -0.6816995132052541,
            1671.1232050150804
        ],
        [
            -4.0486879531646593e-07,
            -0.0002843387005017466,
            1.6995649066878376
        ]
    ],
    "H_graph": [
        [
            0.5326734955259245,
            -0.1480288979192103,
            -169.29631329775944
        ],
        [
            0.0040619684842824605,
            -0.7971409073959155,
            777.8782384656123
        ],
        [
            1.5534651710560657e-05,
            -0.0004060416837422627,
            1.0
        ]
    ],
    "H_inv_graph": [
        [
            1.8555748124263314,
            -0.835740405260438,
            964.2462490504861
        ],
        [
            -0.030928561649188703,
            -2.0638196878337127,
            1600.1643318199283
        ],
        [
            -4.138399368169494e-05,
            -0.0008250138848722681,
            1.6347541899142628
        ]
    ],
    "H_cam_to_screen_mm": [
        [
            0.4496099604582195,
            -0.12494570782880414,
            -142.8967451297254
        ],
        [
            0.0034285570897377,
            -0.6728371035244496,
            656.5781984187572
        ],
        [
            1.5534651710560657e-05,
            -0.0004060416837422627,
            1.0
        ]
    ],
    "H_screen_mm_to_cam": [
        [
            2.1983843964169587,
            -0.9901399038593997,
            964.2462490504853
        ],
        [
            -0.03664248236064895,
            -2.445101630162312,
            1600.1643318199274
        ],
        [
            -4.902951115848262e-05,
            -0.0009774317042808727,
            1.6347541899142621
        ]
    ]
}