{
    "method": "aruco_screen_corners_solvepnp_centers",
    "screen_width_mm": 590.0,
    "screen_height_mm": 590.0,
    "corner_tag_ids": {
        "TL": 42,
        "TR": 43,
        "BR": 40,
        "BL": 41
    },
    "camera_points_raw_TL_TR_BR_BL": [
        [
            206.0,
            105.0
        ],
        [
            1476.32666015625,
            104.83135223388672
        ],
        [
            1288.0,
            954.0
        ],
        [
            486.0,
            949.0
        ]
    ],
    "camera_points_undist_TL_TR_BR_BL": [
        [
            261.0459289550781,
            176.5912322998047
        ],
        [
            1451.3516845703125,
            156.61631774902344
        ],
        [
            1322.0999755859375,
            1023.2478637695312
        ],
        [
            456.56036376953125,
            1017.30517578125
        ]
    ],
    "screen_points_mm_TL_TR_BR_BL": [
        [
            0.0,
            0.0
        ],
        [
            590.0,
            0.0
        ],
        [
            590.0,
            590.0
        ],
        [
            0.0,
            590.0
        ]
    ],
    "graph_points_TL_TR_BR_BL": [
        [
            0.0,
            0.0
        ],
        [
            699.0,
            0.0
        ],
        [
            699.0,
            699.0
        ],
        [
            0.0,
            699.0
        ]
    ],
    "camera_matrix": [
        [
            1430.6265293883666,
            0.0,
            938.2984757811902
        ],
        [
            0.0,
            1379.6179917001643,
            537.0821818437618
        ],
        [
            0.0,
            0.0,
            1.0
        ]
    ],
    "camera_dist_coeffs": [
        [
            0.20034594267997297,
            -1.7581880265797665,
            -0.10987285410114561,
            -0.010253495801824813,
            3.955349336641014
        ]
    ],
    "projector_matrix": [
        [
            7437.150386633464,
            0.0,
            1920.0
        ],
        [
            0.0,
            7298.448552487868,
            1080.0
        ],
        [
            0.0,
            0.0,
            1.0
        ]
    ],
    "projector_dist_coeffs": [
        [
            2.8510712684612702,
            -62.032234450201,
            0.0,
            0.0,
            0.0
        ]
    ],
    "R_camera_to_projector": [
        [
            -0.9922494854684625,
            -0.0456233354628411,
            0.11558317286186827
        ],
        [
            -0.028955236047870092,
            -0.819663692055716,
            -0.5721127740498411
        ],
        [
            0.12084102322052549,
            -0.5710253437342667,
            0.8119898422518464
        ]
    ],
    "T_camera_to_projector": [
        [
            -0.1573061937109003
        ],
        [
            0.6733663453091004
        ],
        [
            2.2161837182504844
        ]
    ],
    "solvepnp_method_selected": "ITERATIVE",
    "solvepnp_mean_reprojection_error_px": 2.6628054523941884,
    "solvepnp_per_point_errors_px": [
        2.4316365146697976,
        3.458452098501775,
        4.33356939764214,
        0.4275637987630407
    ],
    "rvec_screen_to_camera": [
        [
            0.45816319723226095
        ],
        [
            0.027238144474530376
        ],
        [
            -0.01196472079392549
        ]
    ],
    "tvec_screen_to_camera": [
        [
            -0.3395405330813262
        ],
        [
            -0.18845837707099383
        ],
        [
            0.7166784759058693
        ]
    ],
    "R_screen_to_camera": [
        [
            0.999565183874396,
            0.01767968543135027,
            0.023598133595549322
        ],
        [
            -0.005417857483731851,
            0.8968037351319876,
            -0.4423954198153522
        ],
        [
            -0.02898430620923784,
            0.44207520782822035,
            0.8965095764224746
        ]
    ],
    "R_screen_to_projector": [
        [
            -0.9949209567369519,
            -0.007361381260401612,
            0.10038974007121956
        ],
        [
            -0.007919532946891374,
            -0.9885062535418214,
            -0.1509724071034682
        ],
        [
            0.10034725130032772,
            -0.15100065157028728,
            0.9834272888128625
        ]
    ],
    "T_screen_to_projector": [
        [
            0.27103679745963405
        ],
        [
            0.4276493997888099
        ],
        [
            2.864703444950761
        ]
    ],
    "H_proj": [
        [
            -1.1708165157060277,
            -0.5749865566579798,
            2898.264664363137
        ],
        [
            0.026488828440288652,
            -1.913086103085713,
            2388.0682743491097
        ],
        [
            3.2185039083434674e-05,
            -0.00033372427735626115,
            1.0
        ]
    ],
    "H_inv_proj": [
        [
            -0.7801535562406342,
            -0.2741646448383024,
            2915.8153751160103
        ],
        [
            0.03520854455169123,
            -0.8835800601036156,
            2008.005828823102
        ],
        [
            3.685921878596424e-05,
            -0.00028604811723506417,
            1.5762746623429613
        ]
    ],
    "H_graph": [
        [
            0.5748138167303782,
            -0.1336773338576832,
            -126.44656164811472
        ],
        [
            0.009642738124858998,
            0.5746110533154308,
            -103.98847152953526
        ],
        [
            2.1572137769070857e-05,
            -0.000310669053567769,
            1.0
        ]
    ],
    "H_inv_graph": [
        [
            1.7201862336473286,
            0.5486285649093949,
            274.5626805414956
        ],
        [
            -0.03770224760665545,
            1.8319560169754228,
            185.7349865383421
        ],
        [
            -4.88210160020366e-05,
            0.0005572969509852612,
            1.0517792085114024
        ]
    ],
    "H_cam_to_screen_mm": [
        [
            0.4851790441644109,
            -0.11283208437200729,
            -106.72885747122712
        ],
        [
            0.008139077959466107,
            0.4850078990788328,
            -87.7728157402371
        ],
        [
            2.1572137769070857e-05,
            -0.000310669053567769,
            1.0
        ]
    ],
    "H_screen_mm_to_cam": [
        [
            2.037983351388953,
            0.6499853675790969,
            274.56268054149564
        ],
        [
            -0.044667578096698565,
            2.170402128586137,
            185.73498653834196
        ],
        [
            -5.784049183970099e-05,
            0.00066025520125203,
            1.0517792085114024
        ]
    ]
}