{
    "method": "manual_screen_corners_solvepnp",
    "screen_width_mm": 590.0,
    "screen_height_mm": 590.0,
    "camera_points_raw_TL_TR_BR_BL": [
        [
            200.0,
            106.0
        ],
        [
            1488.0,
            101.0
        ],
        [
            1292.0,
            958.0
        ],
        [
            484.0,
            954.0
        ]
    ],
    "camera_points_undist_TL_TR_BR_BL": [
        [
            255.80078125,
            178.109619140625
        ],
        [
            1462.4427490234375,
            153.99642944335938
        ],
        [
            1327.0079345703125,
            1028.996337890625
        ],
        [
            454.0389404296875,
            1023.8538208007812
        ]
    ],
    "screen_points_mm_TL_TR_BR_BL": [
        [
            0.0,
            0.0
        ],
        [
            590.0,
            0.0
        ],
        [
            590.0,
            590.0
        ],
        [
            0.0,
            590.0
        ]
    ],
    "graph_points_TL_TR_BR_BL": [
        [
            0.0,
            0.0
        ],
        [
            699.0,
            0.0
        ],
        [
            699.0,
            699.0
        ],
        [
            0.0,
            699.0
        ]
    ],
    "camera_matrix": [
        [
            1430.6265293883666,
            0.0,
            938.2984757811902
        ],
        [
            0.0,
            1379.6179917001643,
            537.0821818437618
        ],
        [
            0.0,
            0.0,
            1.0
        ]
    ],
    "camera_dist_coeffs": [
        [
            0.20034594267997297,
            -1.7581880265797665,
            -0.10987285410114561,
            -0.010253495801824813,
            3.955349336641014
        ]
    ],
    "projector_matrix": [
        [
            7437.150386633464,
            0.0,
            1920.0
        ],
        [
            0.0,
            7298.448552487868,
            1080.0
        ],
        [
            0.0,
            0.0,
            1.0
        ]
    ],
    "projector_dist_coeffs": [
        [
            2.8510712684612702,
            -62.032234450201,
            0.0,
            0.0,
            0.0
        ]
    ],
    "R_camera_to_projector": [
        [
            -0.9922494854684625,
            -0.0456233354628411,
            0.11558317286186827
        ],
        [
            -0.028955236047870092,
            -0.819663692055716,
            -0.5721127740498411
        ],
        [
            0.12084102322052549,
            -0.5710253437342667,
            0.8119898422518464
        ]
    ],
    "T_camera_to_projector": [
        [
            -0.1573061937109003
        ],
        [
            0.6733663453091004
        ],
        [
            2.2161837182504844
        ]
    ],
    "solvepnp_method_selected": "ITERATIVE",
    "solvepnp_mean_reprojection_error_px": 4.291887859095158,
    "solvepnp_per_point_errors_px": [
        4.227146542122269,
        5.3202777422387175,
        5.722003127444315,
        1.898124024575331
    ],
    "rvec_screen_to_camera": [
        [
            0.4602565888015343
        ],
        [
            0.023556868149965424
        ],
        [
            -0.013045549190169953
        ]
    ],
    "tvec_screen_to_camera": [
        [
            -0.33746155088776925
        ],
        [
            -0.18576276210709308
        ],
        [
            0.7065916049608114
        ]
    ],
    "R_screen_to_camera": [
        [
            0.9996438205900594,
            0.017914026633052423,
            0.019781799865015503
        ],
        [
            -0.007262519933039608,
            0.8958612695737965,
            -0.4442745114024073
        ],
        [
            -0.025680493771176618,
            0.4439726042532533,
            0.8956722832109146
        ]
    ],
    "R_screen_to_projector": [
        [
            -0.9945329591997358,
            -0.0073316006759090325,
            0.1041654486715515
        ],
        [
            -0.008299960356638875,
            -0.9888260588797679,
            -0.14884265496954804
        ],
        [
            0.10409276499111188,
            -0.14889349519651532,
            0.9833592544765469
        ]
    ],
    "T_screen_to_projector": [
        [
            0.2676850729539244
        ],
        [
            0.43115053237284445
        ],
        [
            2.855224970077459
        ]
    ],
    "H_proj": [
        [
            -1.1597308577792227,
            -0.5738774406811242,
            2880.770352939893
        ],
        [
            0.02022705800874897,
            -1.904057961430772,
            2398.6322383285883
        ],
        [
            3.000559905555703e-05,
            -0.00033384875151474635,
            1.0
        ]
    ],
    "H_inv_proj": [
        [
            -0.7909130443307865,
            -0.2780504347994593,
            2945.37958665283
        ],
        [
            0.03709498351833686,
            -0.8933492357966578,
            2035.954148305652
        ],
        [
            3.611593363105643e-05,
            -0.000289900457173551,
            1.5913228716095835
        ]
    ],
    "H_graph": [
        [
            0.5680972200581903,
            -0.13315911231595623,
            -121.60279393713971
        ],
        [
            0.011345797908791084,
            0.5677521757387363,
            -104.02438775606092
        ],
        [
            2.285861662960367e-05,
            -0.0003127576076705762,
            1.0
        ]
    ],
    "H_inv_graph": [
        [
            1.7383249081482708,
            0.5560094306234743,
            269.22370620855446
        ],
        [
            -0.044572820935817756,
            1.8541416221761526,
            187.45576750044862
        ],
        [
            -5.367619149606768e-05,
            0.0005671872916171887,
            1.0524741358996696
        ]
    ],
    "H_cam_to_screen_mm": [
        [
            0.4795098137830218,
            -0.1123946727702635,
            -102.64041262219236
        ],
        [
            0.009576567619723518,
            0.47921857465787476,
            -87.80313129624608
        ],
        [
            2.285861662960367e-05,
            -0.0003127576076705762,
            1.0
        ]
    ],
    "H_screen_mm_to_cam": [
        [
            2.0594730691451546,
            0.6587298169589975,
            269.2237062085546
        ],
        [
            -0.05280746073582477,
            2.196686430340899,
            187.45576750044876
        ],
        [
            -6.35926404334768e-05,
            0.0006719727404074826,
            1.0524741358996696
        ]
    ]
}