{
    "method": "aruco_screen_reference_points_solvepnp_best_frame",
    "screen_width_mm": 600.0,
    "screen_height_mm": 600.0,
    "corner_tag_ids": {
        "TL": 42,
        "TR": 43,
        "BR": 40,
        "BL": 41
    },
    "camera_points_raw_TL_TR_BR_BL": [
        [
            209.0,
            106.0
        ],
        [
            1471.504150390625,
            104.48147583007812
        ],
        [
            1286.310791015625,
            954.5000610351562
        ],
        [
            483.0,
            950.0
        ]
    ],
    "camera_points_undist_TL_TR_BR_BL": [
        [
            263.5010070800781,
            177.08602905273438
        ],
        [
            1446.6494140625,
            156.0538330078125
        ],
        [
            1320.27001953125,
            1023.7407836914062
        ],
        [
            453.3121337890625,
            1018.8165283203125
        ]
    ],
    "screen_points_mm_TL_TR_BR_BL": [
        [
            10.0,
            10.0
        ],
        [
            590.0,
            10.0
        ],
        [
            580.0,
            580.0
        ],
        [
            10.0,
            580.0
        ]
    ],
    "graph_points_TL_TR_BR_BL": [
        [
            0.0,
            0.0
        ],
        [
            699.0,
            0.0
        ],
        [
            699.0,
            699.0
        ],
        [
            0.0,
            699.0
        ]
    ],
    "camera_matrix": [
        [
            1430.6265293883666,
            0.0,
            938.2984757811902
        ],
        [
            0.0,
            1379.6179917001643,
            537.0821818437618
        ],
        [
            0.0,
            0.0,
            1.0
        ]
    ],
    "camera_dist_coeffs": [
        [
            0.20034594267997297,
            -1.7581880265797665,
            -0.10987285410114561,
            -0.010253495801824813,
            3.955349336641014
        ]
    ],
    "projector_matrix": [
        [
            7437.150386633464,
            0.0,
            1920.0
        ],
        [
            0.0,
            7298.448552487868,
            1080.0
        ],
        [
            0.0,
            0.0,
            1.0
        ]
    ],
    "projector_dist_coeffs": [
        [
            2.8510712684612702,
            -62.032234450201,
            0.0,
            0.0,
            0.0
        ]
    ],
    "R_camera_to_projector": [
        [
            -0.9922494854684625,
            -0.0456233354628411,
            0.11558317286186827
        ],
        [
            -0.028955236047870092,
            -0.819663692055716,
            -0.5721127740498411
        ],
        [
            0.12084102322052549,
            -0.5710253437342667,
            0.8119898422518464
        ]
    ],
    "T_camera_to_projector": [
        [
            -0.1573061937109003
        ],
        [
            0.6733663453091004
        ],
        [
            2.2161837182504844
        ]
    ],
    "solvepnp_method_selected": "ITERATIVE",
    "solvepnp_mean_reprojection_error_px": 0.020152000899070436,
    "solvepnp_per_point_errors_px": [
        0.00942420168121444,
        0.0053260879177754634,
        0.03148662861977082,
        0.03437108537752102
    ],
    "rvec_screen_to_camera": [
        [
            0.4338183434497167
        ],
        [
            0.03648482824569835
        ],
        [
            -0.015960604100591656
        ]
    ],
    "tvec_screen_to_camera": [
        [
            -0.34538360577833627
        ],
        [
            -0.19450448878125903
        ],
        [
            0.7064192591855006
        ]
    ],
    "R_screen_to_camera": [
        [
            0.9992195198011165,
            0.023250049867279632,
            0.0319340950959209
        ],
        [
            -0.007671005953466812,
            0.9072542826423687,
            -0.4205125709116703
        ],
        [
            -0.03874928278159721,
            0.41993940254309275,
            0.9067245399103644
        ]
    ],
    "R_screen_to_projector": [
        [
            -0.9956038425647683,
            -0.01592388794936838,
            0.09230069589577405
        ],
        [
            -0.00047603233325942346,
            -0.9845693021477976,
            -0.1749944646593611
        ],
        [
            0.09366302399285373,
            -0.17426909955805328,
            0.9802334002041242
        ]
    ],
    "T_screen_to_projector": [
        [
            0.2759246342999826
        ],
        [
            0.4386437945224826
        ],
        [
            2.859119465318513
        ]
    ],
    "H_proj": [
        [
            -1.1595999385361986,
            -0.5592256946503603,
            2891.7303834266695
        ],
        [
            0.04091130680110582,
            -1.8733616182953214,
            2392.0140088667263
        ],
        [
            3.645393413002116e-05,
            -0.00032274675559356667,
            1.0
        ]
    ],
    "H_inv_proj": [
        [
            -0.7808009135141052,
            -0.26519792747941484,
            2892.2228826692203
        ],
        [
            0.032815223299151146,
            -0.8968335206287572,
            2050.345566712167
        ],
        [
            3.905427192378299e-05,
            -0.00027978260131073467,
            1.556309477047841
        ]
    ],
    "H_graph": [
        [
            0.5785170120892145,
            -0.1304562041894858,
            -129.3378441332569
        ],
        [
            0.010288824739095051,
            0.578789137082087,
            -105.20658562514718
        ],
        [
            2.11497189931142e-05,
            -0.00030409797027751163,
            1.0
        ]
    ],
    "H_inv_graph": [
        [
            1.7089979440299141,
            0.5306670320170476,
            276.86777625134175
        ],
        [
            -0.03911194118752648,
            1.8166907354975221,
            186.06917526547025
        ],
        [
            -4.803868820478279e-05,
            0.0005412285066806857,
            1.0507275828634757
        ]
    ],
    "H_cam_to_screen_mm": [
        [
            0.481513953000057,
            -0.1114368864736552,
            -97.6030841083066
        ],
        [
            0.008774471018669338,
            0.47862232335544935,
            -77.5269968943266
        ],
        [
            2.146463115571989e-05,
            -0.00029033786985543236,
            1.0
        ]
    ],
    "H_screen_mm_to_cam": [
        [
            2.054198646262916,
            0.6295039380270786,
            249.29967309476066
        ],
        [
            -0.04701216693723873,
            2.1780309525330956,
            164.26766640909148
        ],
        [
            -5.7742028668458494e-05,
            0.0006188527973968328,
            1.0423419988211178
        ]
    ]
}