{
    "method": "manual_screen_corners_solvepnp",
    "screen_width_mm": 590.0,
    "screen_height_mm": 590.0,
    "camera_points_raw_TL_TR_BR_BL": [
        [
            597.0,
            958.0
        ],
        [
            1398.0,
            957.0
        ],
        [
            1636.0,
            119.0
        ],
        [
            361.0,
            130.0
        ]
    ],
    "camera_points_undist_TL_TR_BR_BL": [
        [
            592.0191040039062,
            973.4042358398438
        ],
        [
            1406.8656005859375,
            976.4136962890625
        ],
        [
            1630.621826171875,
            138.92189025878906
        ],
        [
            373.5404052734375,
            150.76473999023438
        ]
    ],
    "screen_points_mm_TL_TR_BR_BL": [
        [
            0.0,
            0.0
        ],
        [
            590.0,
            0.0
        ],
        [
            590.0,
            590.0
        ],
        [
            0.0,
            590.0
        ]
    ],
    "graph_points_TL_TR_BR_BL": [
        [
            0.0,
            0.0
        ],
        [
            699.0,
            0.0
        ],
        [
            699.0,
            699.0
        ],
        [
            0.0,
            699.0
        ]
    ],
    "camera_matrix": [
        [
            1312.1096258302232,
            0.0,
            956.585395314252
        ],
        [
            0.0,
            1388.7947151848557,
            522.9500630536562
        ],
        [
            0.0,
            0.0,
            1.0
        ]
    ],
    "camera_dist_coeffs": [
        [
            0.12469685734788223,
            -0.48304603233974236,
            -0.03493571252930775,
            -0.0013528171997975653,
            0.11312008205142232
        ]
    ],
    "projector_matrix": [
        [
            6994.258345321683,
            0.0,
            1920.0
        ],
        [
            0.0,
            7257.044991112007,
            1080.0
        ],
        [
            0.0,
            0.0,
            1.0
        ]
    ],
    "projector_dist_coeffs": [
        [
            -0.9659574907479923,
            15.087739742547145,
            0.0,
            0.0,
            0.0
        ]
    ],
    "R_camera_to_projector": [
        [
            -0.9976554159350979,
            0.06033220795406895,
            -0.03230628017512563
        ],
        [
            -0.026180483485592553,
            -0.7726002549095903,
            -0.6343527633723185
        ],
        [
            -0.06323174313449971,
            -0.6320196759571834,
            0.7723683550373812
        ]
    ],
    "T_camera_to_projector": [
        [
            0.02065931018621143
        ],
        [
            0.5663824836083781
        ],
        [
            1.367516234842271
        ]
    ],
    "solvepnp_method_selected": "ITERATIVE",
    "solvepnp_mean_reprojection_error_px": 2.28949581070518,
    "solvepnp_per_point_errors_px": [
        2.541092607562065,
        4.15757893929876,
        1.9401043540945966,
        0.519207341865299
    ],
    "rvec_screen_to_camera": [
        [
            -2.5213860247406776
        ],
        [
            0.014748053068937637
        ],
        [
            0.031152307164571607
        ]
    ],
    "tvec_screen_to_camera": [
        [
            -0.26646056607889035
        ],
        [
            0.3133800131845595
        ],
        [
            0.965845925614341
        ]
    ],
    "R_screen_to_camera": [
        [
            0.999661110329247,
            -0.01778568870382175,
            -0.019008781460875347
        ],
        [
            -0.003429964506641784,
            -0.8138332238573484,
            0.5810883918040682
        ],
        [
            -0.02580503514393554,
            -0.5808262675045662,
            -0.813618428465048
        ]
    ],
    "R_screen_to_projector": [
        [
            -0.9966905934562675,
            -0.012592030509113443,
            0.08030754437442476
        ],
        [
            -0.007152124385526372,
            0.9976821419662224,
            0.0676697178837369
        ],
        [
            -0.08097350203965864,
            0.06687140173009772,
            -0.9944704659255025
        ]
    ],
    "T_screen_to_projector": [
        [
            0.27419915611314766
        ],
        [
            -0.28144595991714527
        ],
        [
            1.932291495313987
        ]
    ],
    "H_proj": [
        [
            -1.5794553415024473,
            -0.7407258435663953,
            3382.5880408871544
        ],
        [
            -0.01821979624238037,
            -2.4928217555079817,
            2451.3375098662714
        ],
        [
            -4.4627228459301026e-06,
            -0.00041702412199295117,
            1.0
        ]
    ],
    "H_inv_proj": [
        [
            -0.6378868358287398,
            -0.29058227210373017,
            2870.023605623683
        ],
        [
            0.003157934425110641,
            -0.678576860570294,
            1652.7389204229714
        ],
        [
            -1.5297773244279016e-06,
            -0.00028427970762839964,
            1.702040117086143
        ]
    ],
    "H_graph": [
        [
            0.5337228115691407,
            -0.14174746768505564,
            -177.99651522740373
        ],
        [
            0.002963250559358994,
            -0.8023346302542028,
            779.2416267093452
        ],
        [
            1.1248898816937639e-05,
            -0.00040378206212861144,
            1.0
        ]
    ],
    "H_inv_graph": [
        [
            1.857815311866988,
            -0.8137637912351362,
            964.8032718876675
        ],
        [
            -0.022103578209587593,
            -2.0407975084948147,
            1586.340010408515
        ],
        [
            -2.982340485363751e-05,
            -0.0008148834798184771,
            1.6296826662561585
        ]
    ],
    "H_cam_to_screen_mm": [
        [
            0.45049564925006147,
            -0.11964378531356626,
            -150.24026321054097
        ],
        [
            0.0025011700000311964,
            -0.6772209325464659,
            657.7289839177591
        ],
        [
            1.1248898816937639e-05,
            -0.00040378206212861144,
            1.0
        ]
    ],
    "H_screen_mm_to_cam": [
        [
            2.2010388186356353,
            -0.9641032035141698,
            964.8032718876675
        ],
        [
            -0.026187120624579212,
            -2.4178262007421623,
            1586.3400104085156
        ],
        [
            -3.53331525299875e-05,
            -0.00096542974981884,
            1.6296826662561585
        ]
    ]
}