{
    "method": "aruco_screen_reference_points_solvepnp_best_frame",
    "screen_width_mm": 600.0,
    "screen_height_mm": 600.0,
    "corner_tag_ids": {
        "TL": 42,
        "TR": 43,
        "BR": 40,
        "BL": 41
    },
    "camera_points_raw_TL_TR_BR_BL": [
        [
            208.0,
            106.0
        ],
        [
            1472.5345458984375,
            103.76261138916016
        ],
        [
            1287.2216796875,
            955.421875
        ],
        [
            483.0,
            951.0
        ]
    ],
    "camera_points_undist_TL_TR_BR_BL": [
        [
            262.641845703125,
            177.19801330566406
        ],
        [
            1447.6077880859375,
            155.49436950683594
        ],
        [
            1321.38818359375,
            1025.0635986328125
        ],
        [
            453.22967529296875,
            1020.0943603515625
        ]
    ],
    "screen_points_mm_TL_TR_BR_BL": [
        [
            10.0,
            10.0
        ],
        [
            590.0,
            10.0
        ],
        [
            580.0,
            580.0
        ],
        [
            10.0,
            580.0
        ]
    ],
    "graph_points_TL_TR_BR_BL": [
        [
            0.0,
            0.0
        ],
        [
            699.0,
            0.0
        ],
        [
            699.0,
            699.0
        ],
        [
            0.0,
            699.0
        ]
    ],
    "camera_matrix": [
        [
            1430.6265293883666,
            0.0,
            938.2984757811902
        ],
        [
            0.0,
            1379.6179917001643,
            537.0821818437618
        ],
        [
            0.0,
            0.0,
            1.0
        ]
    ],
    "camera_dist_coeffs": [
        [
            0.20034594267997297,
            -1.7581880265797665,
            -0.10987285410114561,
            -0.010253495801824813,
            3.955349336641014
        ]
    ],
    "projector_matrix": [
        [
            7437.150386633464,
            0.0,
            1920.0
        ],
        [
            0.0,
            7298.448552487868,
            1080.0
        ],
        [
            0.0,
            0.0,
            1.0
        ]
    ],
    "projector_dist_coeffs": [
        [
            2.8510712684612702,
            -62.032234450201,
            0.0,
            0.0,
            0.0
        ]
    ],
    "R_camera_to_projector": [
        [
            -0.9922494854684625,
            -0.0456233354628411,
            0.11558317286186827
        ],
        [
            -0.028955236047870092,
            -0.819663692055716,
            -0.5721127740498411
        ],
        [
            0.12084102322052549,
            -0.5710253437342667,
            0.8119898422518464
        ]
    ],
    "T_camera_to_projector": [
        [
            -0.1573061937109003
        ],
        [
            0.6733663453091004
        ],
        [
            2.2161837182504844
        ]
    ],
    "solvepnp_method_selected": "ITERATIVE",
    "solvepnp_mean_reprojection_error_px": 0.021132633487826905,
    "solvepnp_per_point_errors_px": [
        0.010806541148709827,
        0.022789097247131556,
        0.03856943801033798,
        0.012365457545128253
    ],
    "rvec_screen_to_camera": [
        [
            0.43316574018645226
        ],
        [
            0.03729151972024164
        ],
        [
            -0.016425205971385387
        ]
    ],
    "tvec_screen_to_camera": [
        [
            -0.34540590802050836
        ],
        [
            -0.19422189305899243
        ],
        [
            0.7055596253132638
        ]
    ],
    "R_screen_to_camera": [
        [
            0.9991827915017374,
            0.02386199262974972,
            0.032624445965154805
        ],
        [
            -0.007961792119812083,
            0.907521532353784,
            -0.4199300872532005
        ],
        [
            -0.03962775584153655,
            0.4193271677604225,
            0.9069698822700708
        ]
    ],
    "R_screen_to_projector": [
        [
            -0.9956556689973336,
            -0.016614044702519145,
            0.09161747820200429
        ],
        [
            0.00026596366527397374,
            -0.9844558086402089,
            -0.17563225813580274
        ],
        [
            0.09311132077680345,
            -0.17484488655140937,
            0.980183425482202
        ]
    ],
    "T_screen_to_projector": [
        [
            0.27583451151841265
        ],
        [
            0.4389046143554095
        ],
        [
            2.8582573870009913
        ]
    ],
    "H_proj": [
        [
            -1.1580806084955915,
            -0.5587894020747329,
            2890.451556155578
        ],
        [
            0.04213295972612921,
            -1.8718602420270403,
            2392.7862304707064
        ],
        [
            3.6803898647851e-05,
            -0.0003225006896942904,
            1.0
        ]
    ],
    "H_inv_proj": [
        [
            -0.7812203225911069,
            -0.26513227290696284,
            2892.4843489990094
        ],
        [
            0.032614654049728284,
            -0.8978691823715839,
            2054.1379387912043
        ],
        [
            3.927020199946261e-05,
            -0.0002798055292697422,
            1.5560062011663167
        ]
    ],
    "H_graph": [
        [
            0.5780792845848614,
            -0.13070987502319678,
            -128.66628009256755
        ],
        [
            0.010585289890587938,
            0.5779309744879358,
            -105.18836058123526
        ],
        [
            2.161545274026344e-05,
            -0.00030389991193591225,
            1.0
        ]
    ],
    "H_inv_graph": [
        [
            1.7098108918636739,
            0.531803384709008,
            275.9345333069467
        ],
        [
            -0.040270825683656704,
            1.8190963332282777,
            186.16626369464663
        ],
        [
            -4.919663690671668e-05,
            0.0005413280445417248,
            1.050611461278138
        ]
    ],
    "H_cam_to_screen_mm": [
        [
            0.4811543076303488,
            -0.11164610775983648,
            -97.04432489787001
        ],
        [
            0.009025856400236638,
            0.4779099225878056,
            -77.51179436781149
        ],
        [
            2.1939048413931668e-05,
            -0.0002901607497010941,
            1.0
        ]
    ],
    "H_screen_mm_to_cam": [
        [
            2.0551767440987656,
            0.6308982663129297,
            248.34529636232386
        ],
        [
            -0.04840515685363017,
            2.180920528502623,
            164.349617769398
        ],
        [
            -5.913389869001766e-05,
            0.0006189762279799226,
            1.0422393488247916
        ]
    ]
}