{
    "method": "aruco_screen_corners_solvepnp_centers",
    "screen_width_mm": 590.0,
    "screen_height_mm": 590.0,
    "corner_tag_ids": {
        "TL": 42,
        "TR": 43,
        "BR": 40,
        "BL": 41
    },
    "camera_points_raw_TL_TR_BR_BL": [
        [
            208.0,
            105.0
        ],
        [
            1475.8297119140625,
            104.84608459472656
        ],
        [
            1288.0,
            953.0
        ],
        [
            483.8970642089844,
            950.5856323242188
        ]
    ],
    "camera_points_undist_TL_TR_BR_BL": [
        [
            262.7607727050781,
            176.36557006835938
        ],
        [
            1450.8701171875,
            156.6016082763672
        ],
        [
            1321.989501953125,
            1021.9157104492188
        ],
        [
            454.2095642089844,
            1019.4957885742188
        ]
    ],
    "screen_points_mm_TL_TR_BR_BL": [
        [
            0.0,
            0.0
        ],
        [
            590.0,
            0.0
        ],
        [
            590.0,
            590.0
        ],
        [
            0.0,
            590.0
        ]
    ],
    "graph_points_TL_TR_BR_BL": [
        [
            0.0,
            0.0
        ],
        [
            699.0,
            0.0
        ],
        [
            699.0,
            699.0
        ],
        [
            0.0,
            699.0
        ]
    ],
    "camera_matrix": [
        [
            1430.6265293883666,
            0.0,
            938.2984757811902
        ],
        [
            0.0,
            1379.6179917001643,
            537.0821818437618
        ],
        [
            0.0,
            0.0,
            1.0
        ]
    ],
    "camera_dist_coeffs": [
        [
            0.20034594267997297,
            -1.7581880265797665,
            -0.10987285410114561,
            -0.010253495801824813,
            3.955349336641014
        ]
    ],
    "projector_matrix": [
        [
            7437.150386633464,
            0.0,
            1920.0
        ],
        [
            0.0,
            7298.448552487868,
            1080.0
        ],
        [
            0.0,
            0.0,
            1.0
        ]
    ],
    "projector_dist_coeffs": [
        [
            2.8510712684612702,
            -62.032234450201,
            0.0,
            0.0,
            0.0
        ]
    ],
    "R_camera_to_projector": [
        [
            -0.9922494854684625,
            -0.0456233354628411,
            0.11558317286186827
        ],
        [
            -0.028955236047870092,
            -0.819663692055716,
            -0.5721127740498411
        ],
        [
            0.12084102322052549,
            -0.5710253437342667,
            0.8119898422518464
        ]
    ],
    "T_camera_to_projector": [
        [
            -0.1573061937109003
        ],
        [
            0.6733663453091004
        ],
        [
            2.2161837182504844
        ]
    ],
    "solvepnp_method_selected": "ITERATIVE",
    "solvepnp_mean_reprojection_error_px": 2.814582285875505,
    "solvepnp_per_point_errors_px": [
        2.79531070221014,
        3.5080347043961777,
        3.6736732933965373,
        1.281310443499166
    ],
    "rvec_screen_to_camera": [
        [
            0.4542938374701042
        ],
        [
            0.01895347884874126
        ],
        [
            -0.011782795605136944
        ]
    ],
    "tvec_screen_to_camera": [
        [
            -0.3384127415038265
        ],
        [
            -0.1885398672316427
        ],
        [
            0.716034172756046
        ]
    ],
    "R_screen_to_camera": [
        [
            0.9997552295570531,
            0.015612216653500287,
            0.01567608575149579
        ],
        [
            -0.007149192929705512,
            0.8985071317645218,
            -0.4389006985740011
        ],
        [
            -0.0209372876413811,
            0.43868119729418137,
            0.898398818524805
        ]
    ],
    "R_screen_to_projector": [
        [
            -0.9941004402317825,
            -0.005779941571601064,
            0.10830931172528652
        ],
        [
            -0.011109725076345986,
            -0.987900845086412,
            -0.15468837799356844
        ],
        [
            0.10789295037074675,
            -0.15497907133862313,
            0.9820084514439338
        ]
    ],
    "T_screen_to_projector": [
        [
            0.26984699409773893
        ],
        [
            0.42805215290578874
        ],
        [
            2.864363093772974
        ]
    ],
    "H_proj": [
        [
            -1.1752051145712392,
            -0.5704715246612972,
            2896.583592774868
        ],
        [
            0.012968268942641465,
            -1.9017759999772719,
            2389.083391736456
        ],
        [
            2.805791636473323e-05,
            -0.0003305694867733054,
            1.0
        ]
    ],
    "H_inv_proj": [
        [
            -0.7841323219498298,
            -0.27292627111504764,
            2923.348439813859
        ],
        [
            0.03812318875960531,
            -0.885996862026047,
            2006.2933851317132
        ],
        [
            3.4603482050576967e-05,
            -0.00028522578547402486,
            1.5811963086103973
        ]
    ],
    "H_graph": [
        [
            0.5723976182341323,
            -0.12997379273730458,
            -127.48073841168546
        ],
        [
            0.009566509159229781,
            0.5750901082374469,
            -103.93979811874108
        ],
        [
            1.6831944530990478e-05,
            -0.0003054003016991793,
            1.0
        ]
    ],
    "H_inv_graph": [
        [
            1.7299209417648658,
            0.5377684550501487,
            276.42714370256317
        ],
        [
            -0.036028213276717014,
            1.8292451304638613,
            185.53846633793435
        ],
        [
            -4.012096053917678e-05,
            0.0005496003259194974,
            1.0520106972467465
        ]
    ],
    "H_cam_to_screen_mm": [
        [
            0.48313962054097015,
            -0.1097060625393558,
            -107.60176775807503
        ],
        [
            0.008074735914085222,
            0.48541225158811685,
            -87.73173231767852
        ],
        [
            1.6831944530990478e-05,
            -0.0003054003016991793,
            1.0
        ]
    ],
    "H_screen_mm_to_cam": [
        [
            2.049516505582442,
            0.6371188984407692,
            276.4271437025631
        ],
        [
            -0.042684273017669805,
            2.1671904172783716,
            185.5384663379345
        ],
        [
            -4.753313799471959e-05,
            0.000651136657318184,
            1.0520106972467465
        ]
    ]
}