{
    "pattern_size": [
        9,
        6
    ],
    "square_size_m": 0.024,
    "projector_width": 3840,
    "projector_height": 2160,
    "num_valid_poses": 9,
    "used_poses": [
        "pose_01",
        "pose_02",
        "pose_03",
        "pose_04",
        "pose_06",
        "pose_09",
        "pose_10",
        "pose_11",
        "pose_12"
    ],
    "stereo_rms_error": 1.8213306916142646,
    "camera_matrix": [
        [
            1312.1096258302232,
            0.0,
            956.585395314252
        ],
        [
            0.0,
            1388.7947151848557,
            522.9500630536562
        ],
        [
            0.0,
            0.0,
            1.0
        ]
    ],
    "camera_dist_coeffs": [
        [
            0.12469685734788223,
            -0.48304603233974236,
            -0.03493571252930775,
            -0.0013528171997975653,
            0.11312008205142232
        ]
    ],
    "projector_matrix": [
        [
            6994.258345321683,
            0.0,
            1920.0
        ],
        [
            0.0,
            7257.044991112007,
            1080.0
        ],
        [
            0.0,
            0.0,
            1.0
        ]
    ],
    "projector_dist_coeffs": [
        [
            -0.9659574907479923,
            15.087739742547145,
            0.0,
            0.0,
            0.0
        ]
    ],
    "R": [
        [
            -0.9976554159350979,
            0.06033220795406895,
            -0.03230628017512563
        ],
        [
            -0.026180483485592553,
            -0.7726002549095903,
            -0.6343527633723185
        ],
        [
            -0.06323174313449971,
            -0.6320196759571834,
            0.7723683550373812
        ]
    ],
    "T": [
        [
            0.02065931018621143
        ],
        [
            0.5663824836083781
        ],
        [
            1.367516234842271
        ]
    ],
    "E": [
        [
            -1.1115516837169326e-05,
            0.6985785178741497,
            1.3049436097152924
        ],
        [
            -1.3630036538745345,
            0.09556236439045757,
            -0.06013596005157844
        ],
        [
            0.5645136815335163,
            -0.05013249409872596,
            0.005192420695746654
        ]
    ],
    "F": [
        [
            1.5007329857792366e-12,
            -8.91088954221185e-08,
            -0.00018457414797830714
        ],
        [
            1.773587591603965e-07,
            -1.1748287731443131e-08,
            -0.00015324764251338691
        ],
        [
            -0.0007246272972975575,
            0.00022850392567780065,
            1.0
        ]
    ],
    "camera_mean_reprojection_error_px": 0.07114625825003153,
    "projector_mean_reprojection_error_px": 0.27590755449793414,
    "camera_per_view_reprojection_errors_px": [
        0.06518269635817879,
        0.07233545978948218,
        0.07610202780269698,
        0.06697784837310049,
        0.06813897094405955,
        0.07675678450998252,
        0.0730963452025713,
        0.07179382093587577,
        0.06993237033433614
    ],
    "projector_per_view_reprojection_errors_px": [
        0.24532272459483795,
        0.2662074041186171,
        0.28171817977550445,
        0.25460899294286843,
        0.312374414173589,
        0.2934166807858438,
        0.283175954915053,
        0.2527986486812337,
        0.29354499049386007
    ],
    "mean_relative_rotation_error_deg": 4.6064185711998515,
    "mean_relative_translation_error_m": 0.05504240035653966
}