{
    "pattern_size": [
        9,
        6
    ],
    "square_size_m": 0.024,
    "projector_width": 3840,
    "projector_height": 2160,
    "num_valid_poses": 7,
    "used_poses": [
        "pose_screen_01",
        "pose_screen_03",
        "pose_screen_04",
        "pose_screen_08",
        "pose_screen_09",
        "pose_screen_10",
        "pose_screen_12"
    ],
    "stereo_rms_error": 1.7918386485728124,
    "camera_matrix": [
        [
            1430.6265293883666,
            0.0,
            938.2984757811902
        ],
        [
            0.0,
            1379.6179917001643,
            537.0821818437618
        ],
        [
            0.0,
            0.0,
            1.0
        ]
    ],
    "camera_dist_coeffs": [
        [
            0.20034594267997297,
            -1.7581880265797665,
            -0.10987285410114561,
            -0.010253495801824813,
            3.955349336641014
        ]
    ],
    "projector_matrix": [
        [
            7437.150386633464,
            0.0,
            1920.0
        ],
        [
            0.0,
            7298.448552487868,
            1080.0
        ],
        [
            0.0,
            0.0,
            1.0
        ]
    ],
    "projector_dist_coeffs": [
        [
            2.8510712684612702,
            -62.032234450201,
            0.0,
            0.0,
            0.0
        ]
    ],
    "R": [
        [
            -0.9922494854684625,
            -0.0456233354628411,
            0.11558317286186827
        ],
        [
            -0.028955236047870092,
            -0.819663692055716,
            -0.5721127740498411
        ],
        [
            0.12084102322052549,
            -0.5710253437342667,
            0.8119898422518464
        ]
    ],
    "T": [
        [
            -0.1573061937109003
        ],
        [
            0.6733663453091004
        ],
        [
            2.2161837182504844
        ]
    ],
    "E": [
        [
            0.14554040085680658,
            1.4320160799857407,
            1.814673647357615
        ],
        [
            -2.179998112730676,
            -0.19093551656032437,
            0.38388457721675606
        ],
        [
            0.6727022476354251,
            0.15965939418173256,
            0.012167064169938582
        ]
    ],
    "F": [
        [
            -1.2778172913403133e-08,
            -1.3037685886293394e-07,
            -0.0001459216384399377
        ],
        [
            1.9503714185910132e-07,
            1.771394744228748e-08,
            -0.00024165157995779826
        ],
        [
            -0.0006253589198873786,
            0.0001230855447145078,
            1.0
        ]
    ],
    "camera_mean_reprojection_error_px": 0.09699026553018676,
    "projector_mean_reprojection_error_px": 0.2081713801111025,
    "camera_per_view_reprojection_errors_px": [
        0.09732375401576977,
        0.09424355272261244,
        0.10289189852853765,
        0.09400245008194835,
        0.09568630807453389,
        0.09079174914486655,
        0.10399214614303876
    ],
    "projector_per_view_reprojection_errors_px": [
        0.2507655081908989,
        0.19687227595739248,
        0.1883095955453577,
        0.19139473357096198,
        0.17538496929767056,
        0.2126419836672019,
        0.2418305945482338
    ],
    "mean_relative_rotation_error_deg": 3.3291650100211525,
    "mean_relative_translation_error_m": 0.0440502411188506
}