{
    "pattern_size": [
        9,
        6
    ],
    "square_size_m": 0.024,
    "projector_width": 3840,
    "projector_height": 2160,
    "num_valid_poses": 7,
    "used_poses": [
        "pose_screen_01",
        "pose_screen_03",
        "pose_screen_04",
        "pose_screen_08",
        "pose_screen_09",
        "pose_screen_10",
        "pose_screen_12"
    ],
    "stereo_rms_error": 1.630425894301513,
    "camera_matrix": [
        [
            991.1388893619702,
            0.0,
            959.4235474151814
        ],
        [
            0.0,
            992.8435673685584,
            539.4871944013759
        ],
        [
            0.0,
            0.0,
            1.0
        ]
    ],
    "camera_dist_coeffs": [
        [
            0.0
        ],
        [
            0.0
        ],
        [
            0.0
        ],
        [
            0.0
        ],
        [
            0.0
        ]
    ],
    "projector_matrix": [
        [
            7406.28790014083,
            0.0,
            1920.0
        ],
        [
            0.0,
            7280.61291792066,
            1080.0
        ],
        [
            0.0,
            0.0,
            1.0
        ]
    ],
    "projector_dist_coeffs": [
        [
            2.6279909503272125
        ],
        [
            -56.57761533822007
        ],
        [
            0.0
        ],
        [
            0.0
        ],
        [
            0.0
        ]
    ],
    "R": [
        [
            -0.9954508182814731,
            -0.05464837637795414,
            0.07804628973884084
        ],
        [
            -0.007640287900148906,
            -0.7707291401142111,
            -0.6371171152775693
        ],
        [
            0.09496996569204638,
            -0.6348150498673312,
            0.7668054238712645
        ]
    ],
    "T": [
        [
            -0.12066501644013668
        ],
        [
            0.5726340629179895
        ],
        [
            2.4917483114343
        ]
    ],
    "E": [
        [
            0.07342071178348654,
            1.5569463122457794,
            2.026634401517729
        ],
        [
            -2.4689533430972026,
            -0.212769967991081,
            0.2869982997482809
        ],
        [
            0.570950961972636,
            0.12429356615995305,
            0.03218578320043333
        ]
    ],
    "F": [
        [
            -7.753907918422202e-09,
            -1.641456493993102e-07,
            -0.00011614107019860009
        ],
        [
            2.6524522836849255e-07,
            2.281911072762578e-08,
            -0.00029735279734422723
        ],
        [
            -0.0007181595835574847,
            0.00019346289807878442,
            1.0
        ]
    ],
    "camera_mean_reprojection_error_px": 0.09606710331866485,
    "projector_mean_reprojection_error_px": 0.20238303666247082,
    "camera_per_view_reprojection_errors_px": [
        0.1008257798360337,
        0.10321299343291807,
        0.08675787497044009,
        0.09911227939117556,
        0.0934265699799579,
        0.08550683955126931,
        0.10362738606885935
    ],
    "projector_per_view_reprojection_errors_px": [
        0.24975049185499007,
        0.1844465386549153,
        0.16653217806874293,
        0.20738918504471293,
        0.17565799373680038,
        0.21260964640792418,
        0.22029522286921
    ],
    "mean_relative_rotation_error_deg": 5.8268143434603035,
    "mean_relative_translation_error_m": 0.06437373306727309
}